Year,Month,Make,Model,Count,Reg Date
2018,Apr,BMW,2 SERIES,1,2018-04-01
2018,Apr,BMW,I,1,2018-04-01
2018,Apr,BMW,I3,2,2018-04-01
2018,Apr,HYUNDAI,IONIQ,10,2018-04-01
2018,Apr,MERCEDES-BENZ,B250,1,2018-04-01
2018,Apr,MITSUBISHI,I-MIEV,1,2018-04-01
2018,Apr,NISSAN,E-NV200,2,2018-04-01
2018,Apr,NISSAN,LEAF,229,2018-04-01
2018,Apr,RENAULT,ZOE,1,2018-04-01
2018,Apr,SMART,FORTWO,3,2018-04-01
2018,Apr,TESLA,MODEL S,19,2018-04-01
2018,Apr,TESLA,MODEL X,12,2018-04-01
2018,Apr,TOYOTA,AQUA,1,2018-04-01
2018,Apr,VOLKSWAGEN,GOLF,10,2018-04-01
2018,Aug,BMW,2 SERIES,1,2018-08-01
2018,Aug,BMW,I,2,2018-08-01
2018,Aug,BMW,I3,1,2018-08-01
2018,Aug,HYUNDAI,IONIQ,38,2018-08-01
2018,Aug,HYUNDAI,KONA,14,2018-08-01
2018,Aug,MITSUBISHI,I-MIEV,5,2018-08-01
2018,Aug,NISSAN,LEAF,297,2018-08-01
2018,Aug,RENAULT,ZOE,2,2018-08-01
2018,Aug,SMART,FORTWO,1,2018-08-01
2018,Aug,TESLA,MODEL S,5,2018-08-01
2018,Aug,TESLA,MODEL X,11,2018-08-01
2018,Aug,VOLKSWAGEN,GOLF,6,2018-08-01
2018,Dec,BMW,I,2,2018-12-01
2018,Dec,HYUNDAI,IONIQ,7,2018-12-01
2018,Dec,HYUNDAI,KONA,7,2018-12-01
2018,Dec,JAGUAR,I-PACE,3,2018-12-01
2018,Dec,NISSAN,LEAF,260,2018-12-01
2018,Dec,TESLA,MODEL S,4,2018-12-01
2018,Dec,TESLA,MODEL X,11,2018-12-01
2018,Feb,BMW,I,6,2018-02-01
2018,Feb,BMW,I3,1,2018-02-01
2018,Feb,HYUNDAI,IONIQ,9,2018-02-01
2018,Feb,KIA,SOUL,2,2018-02-01
2018,Feb,MERCEDES-BENZ,B250,1,2018-02-01
2018,Feb,MITSUBISHI,I-MIEV,2,2018-02-01
2018,Feb,NISSAN,E-NV200,6,2018-02-01
2018,Feb,NISSAN,LEAF,146,2018-02-01
2018,Feb,RENAULT,ZOE,4,2018-02-01
2018,Feb,SMART,FORTWO,1,2018-02-01
2018,Feb,TESLA,MODEL S,7,2018-02-01
2018,Feb,TESLA,MODEL X,5,2018-02-01
2018,Feb,VOLKSWAGEN,GOLF,5,2018-02-01
2018,Jan,AUDI,Q7,1,2018-01-01
2018,Jan,BMW,3 SERIES,2,2018-01-01
2018,Jan,BMW,330,1,2018-01-01
2018,Jan,BMW,I,3,2018-01-01
2018,Jan,BMW,I3,2,2018-01-01
2018,Jan,HYUNDAI,IONIQ,11,2018-01-01
2018,Jan,MITSUBISHI,MIEV,2,2018-01-01
2018,Jan,NISSAN,E-NV200,14,2018-01-01
2018,Jan,NISSAN,LEAF,239,2018-01-01
2018,Jan,RENAULT,ZOE,6,2018-01-01
2018,Jan,SMART,FORTWO,1,2018-01-01
2018,Jan,TESLA,MODEL S,16,2018-01-01
2018,Jan,TESLA,MODEL X,7,2018-01-01
2018,Jan,VOLKSWAGEN,GOLF,23,2018-01-01
2018,Jul,BMW,I,1,2018-07-01
2018,Jul,BMW,I3,1,2018-07-01
2018,Jul,HONDA,INSIGHT,1,2018-07-01
2018,Jul,HYUNDAI,IONIQ,15,2018-07-01
2018,Jul,HYUNDAI,KONA,8,2018-07-01
2018,Jul,MITSUBISHI,I-MIEV,5,2018-07-01
2018,Jul,MITSUBISHI,OUTLANDER,1,2018-07-01
2018,Jul,NISSAN,E-NV200,4,2018-07-01
2018,Jul,NISSAN,LEAF,330,2018-07-01
2018,Jul,RENAULT,ZOE,4,2018-07-01
2018,Jul,SUZUKI,IGNIS,1,2018-07-01
2018,Jul,TESLA,MODEL S,3,2018-07-01
2018,Jul,TESLA,MODEL X,11,2018-07-01
2018,Jul,VOLKSWAGEN,GOLF,9,2018-07-01
2018,Jun,BMW,3 SERIES,1,2018-06-01
2018,Jun,BMW,5 SERIES,1,2018-06-01
2018,Jun,BMW,I,3,2018-06-01
2018,Jun,BMW,I3,2,2018-06-01
2018,Jun,HYUNDAI,IONIQ,26,2018-06-01
2018,Jun,KIA,SOUL,1,2018-06-01
2018,Jun,MITSUBISHI,I-MIEV,2,2018-06-01
2018,Jun,MITSUBISHI,MIEV,1,2018-06-01
2018,Jun,MITSUBISHI,MINICAB,1,2018-06-01
2018,Jun,MITSUBISHI,OUTLANDER,2,2018-06-01
2018,Jun,NISSAN,E-NV200,5,2018-06-01
2018,Jun,NISSAN,LEAF,297,2018-06-01
2018,Jun,RENAULT,ZOE,13,2018-06-01
2018,Jun,TESLA,MODEL S,7,2018-06-01
2018,Jun,TESLA,MODEL X,25,2018-06-01
2018,Jun,TOYOTA,ALPHARD,1,2018-06-01
2018,Jun,TOYOTA,AQUA,1,2018-06-01
2018,Jun,VOLKSWAGEN,GOLF,22,2018-06-01
2018,Mar,BMW,3 SERIES,1,2018-03-01
2018,Mar,BMW,I,6,2018-03-01
2018,Mar,BMW,I3,4,2018-03-01
2018,Mar,HYUNDAI,IONIQ,8,2018-03-01
2018,Mar,KIA,SOUL,2,2018-03-01
2018,Mar,MERCEDES-BENZ,B250,1,2018-03-01
2018,Mar,MITSUBISHI,I-MIEV,3,2018-03-01
2018,Mar,MITSUBISHI,MIEV,1,2018-03-01
2018,Mar,NISSAN,E-NV200,5,2018-03-01
2018,Mar,NISSAN,LEAF,134,2018-03-01
2018,Mar,NISSAN,NV200,2,2018-03-01
2018,Mar,NISSAN,VANETTE,1,2018-03-01
2018,Mar,RENAULT,ZOE,2,2018-03-01
2018,Mar,SMART,FORTWO,1,2018-03-01
2018,Mar,TESLA,MODEL S,21,2018-03-01
2018,Mar,TESLA,MODEL X,25,2018-03-01
2018,Mar,VOLKSWAGEN,GOLF,6,2018-03-01
2018,May,BMW,3 SERIES,1,2018-05-01
2018,May,BMW,I,1,2018-05-01
2018,May,BMW,I3,3,2018-05-01
2018,May,FORD,FOCUS,1,2018-05-01
2018,May,HYUNDAI,IONIQ,52,2018-05-01
2018,May,MERCEDES-BENZ,B250,1,2018-05-01
2018,May,MITSUBISHI,I-MIEV,3,2018-05-01
2018,May,MITSUBISHI,OUTLANDER,1,2018-05-01
2018,May,NISSAN,E-NV200,5,2018-05-01
2018,May,NISSAN,LEAF,337,2018-05-01
2018,May,NISSAN,NV200,1,2018-05-01
2018,May,RENAULT,ZOE,2,2018-05-01
2018,May,SMART,FORTWO,3,2018-05-01
2018,May,TESLA,MODEL S,4,2018-05-01
2018,May,VOLKSWAGEN,GOLF,16,2018-05-01
2018,Nov,BMW,3 SERIES,2,2018-11-01
2018,Nov,BMW,I,2,2018-11-01
2018,Nov,BMW,I3,1,2018-11-01
2018,Nov,HYUNDAI,IONIQ,9,2018-11-01
2018,Nov,HYUNDAI,KONA,23,2018-11-01
2018,Nov,MITSUBISHI,MINICAB,2,2018-11-01
2018,Nov,NISSAN,LEAF,316,2018-11-01
2018,Nov,RENAULT,ZOE,3,2018-11-01
2018,Nov,SMART,FORTWO,2,2018-11-01
2018,Nov,TESLA,MODEL S,4,2018-11-01
2018,Nov,TESLA,MODEL X,11,2018-11-01
2018,Nov,VOLKSWAGEN,GOLF,3,2018-11-01
2018,Oct,BMW,I3,4,2018-10-01
2018,Oct,HYUNDAI,IONIQ,8,2018-10-01
2018,Oct,HYUNDAI,KONA,39,2018-10-01
2018,Oct,MITSUBISHI,I-MIEV,1,2018-10-01
2018,Oct,NISSAN,E-NV200,1,2018-10-01
2018,Oct,NISSAN,LEAF,448,2018-10-01
2018,Oct,RENAULT,ZOE,6,2018-10-01
2018,Oct,SMART,FORTWO,1,2018-10-01
2018,Oct,TESLA,MODEL S,6,2018-10-01
2018,Oct,TESLA,MODEL X,7,2018-10-01
2018,Oct,TOYOTA,AQUA,1,2018-10-01
2018,Oct,VOLKSWAGEN,GOLF,5,2018-10-01
2018,Sep,BMW,3 SERIES,1,2018-09-01
2018,Sep,BMW,I,4,2018-09-01
2018,Sep,BMW,I3,2,2018-09-01
2018,Sep,HYUNDAI,IONIQ,25,2018-09-01
2018,Sep,HYUNDAI,KONA,15,2018-09-01
2018,Sep,MITSUBISHI,I-MIEV,1,2018-09-01
2018,Sep,NISSAN,LEAF,298,2018-09-01
2018,Sep,RENAULT,ZOE,6,2018-09-01
2018,Sep,SMART,FORTWO,1,2018-09-01
2018,Sep,TESLA,MODEL S,14,2018-09-01
2018,Sep,TESLA,MODEL X,22,2018-09-01
2018,Sep,VOLKSWAGEN,GOLF,4,2018-09-01
2019,Apr,BMW,I,3,2019-04-01
2019,Apr,BMW,I3,5,2019-04-01
2019,Apr,HYUNDAI,IONIQ,21,2019-04-01
2019,Apr,HYUNDAI,KONA,37,2019-04-01
2019,Apr,KIA,NIRO,7,2019-04-01
2019,Apr,MITSUBISHI,I-MIEV,1,2019-04-01
2019,Apr,MITSUBISHI,MINICAB,1,2019-04-01
2019,Apr,NISSAN,LEAF,262,2019-04-01
2019,Apr,NISSAN,NV200,1,2019-04-01
2019,Apr,RENAULT,ZOE,5,2019-04-01
2019,Apr,SMART,FORTWO,2,2019-04-01
2019,Apr,TESLA,MODEL S,11,2019-04-01
2019,Apr,TESLA,MODEL X,4,2019-04-01
2019,Apr,VOLKSWAGEN,GOLF,10,2019-04-01
2019,Aug,AUDI,E-TRON,30,2019-08-01
2019,Aug,BMW,3 SERIES,1,2019-08-01
2019,Aug,BMW,I,9,2019-08-01
2019,Aug,BMW,I3,4,2019-08-01
2019,Aug,HYUNDAI,IONIQ,2,2019-08-01
2019,Aug,HYUNDAI,KONA,32,2019-08-01
2019,Aug,JAGUAR,I-PACE,8,2019-08-01
2019,Aug,KIA,NIRO,4,2019-08-01
2019,Aug,NISSAN,E-NV200,3,2019-08-01
2019,Aug,NISSAN,LEAF,293,2019-08-01
2019,Aug,NISSAN,NOTE,1,2019-08-01
2019,Aug,SMART,FORTWO,1,2019-08-01
2019,Aug,TESLA,MODEL 3,57,2019-08-01
2019,Aug,TESLA,MODEL S,3,2019-08-01
2019,Aug,TESLA,MODEL X,2,2019-08-01
2019,Aug,VOLKSWAGEN,E-GOLF,1,2019-08-01
2019,Aug,VOLKSWAGEN,GOLF,3,2019-08-01
2019,Dec,ARCIMOTO,EVERGREEN,3,2019-12-01
2019,Dec,AUDI,E-TRON,1,2019-12-01
2019,Dec,BMW,I,1,2019-12-01
2019,Dec,BMW,I3,4,2019-12-01
2019,Dec,HYUNDAI,IONIQ,15,2019-12-01
2019,Dec,HYUNDAI,KONA,25,2019-12-01
2019,Dec,JAGUAR,I-PACE,5,2019-12-01
2019,Dec,KIA,NIRO,1,2019-12-01
2019,Dec,MG,ZS,2,2019-12-01
2019,Dec,MITSUBISHI,I-MIEV,1,2019-12-01
2019,Dec,MITSUBISHI,MIEV,1,2019-12-01
2019,Dec,MITSUBISHI,MINICAB,1,2019-12-01
2019,Dec,NISSAN,E-NV200,2,2019-12-01
2019,Dec,NISSAN,LEAF,221,2019-12-01
2019,Dec,RENAULT,ZOE,2,2019-12-01
2019,Dec,TESLA,MODEL 3,104,2019-12-01
2019,Dec,TESLA,MODEL S,7,2019-12-01
2019,Dec,TESLA,MODEL X,6,2019-12-01
2019,Dec,VOLKSWAGEN,E-GOLF,1,2019-12-01
2019,Dec,VOLKSWAGEN,GOLF,3,2019-12-01
2019,Feb,BMW,I,4,2019-02-01
2019,Feb,BMW,I3,1,2019-02-01
2019,Feb,HYUNDAI,IONIQ,10,2019-02-01
2019,Feb,HYUNDAI,KONA,29,2019-02-01
2019,Feb,JAGUAR,I-PACE,3,2019-02-01
2019,Feb,KIA,NIRO,10,2019-02-01
2019,Feb,MITSUBISHI,I-MIEV,1,2019-02-01
2019,Feb,NISSAN,LEAF,277,2019-02-01
2019,Feb,SMART,FORTWO,1,2019-02-01
2019,Feb,TESLA,MODEL S,3,2019-02-01
2019,Feb,TESLA,MODEL X,10,2019-02-01
2019,Feb,VOLKSWAGEN,GOLF,11,2019-02-01
2019,Jan,BMW,I,3,2019-01-01
2019,Jan,HYUNDAI,IONIQ,8,2019-01-01
2019,Jan,HYUNDAI,KONA,33,2019-01-01
2019,Jan,KIA,SOUL,1,2019-01-01
2019,Jan,MITSUBISHI,I-MIEV,1,2019-01-01
2019,Jan,NISSAN,LEAF,282,2019-01-01
2019,Jan,RENAULT,ZOE,3,2019-01-01
2019,Jan,SMART,FORTWO,2,2019-01-01
2019,Jan,TESLA,MODEL S,6,2019-01-01
2019,Jan,TESLA,MODEL X,7,2019-01-01
2019,Jan,VOLKSWAGEN,E-GOLF,1,2019-01-01
2019,Jan,VOLKSWAGEN,GOLF,6,2019-01-01
2019,Jul,AUDI,E-TRON,28,2019-07-01
2019,Jul,BMW,I,5,2019-07-01
2019,Jul,BMW,I3,1,2019-07-01
2019,Jul,HYUNDAI,IONIQ,10,2019-07-01
2019,Jul,HYUNDAI,KONA,19,2019-07-01
2019,Jul,JAGUAR,I-PACE,5,2019-07-01
2019,Jul,KIA,NIRO,10,2019-07-01
2019,Jul,MITSUBISHI,MINICA,1,2019-07-01
2019,Jul,NISSAN,E-NV200,4,2019-07-01
2019,Jul,NISSAN,LEAF,319,2019-07-01
2019,Jul,NISSAN,NV200,1,2019-07-01
2019,Jul,RENAULT,ZOE,1,2019-07-01
2019,Jul,SMART,FORTWO,2,2019-07-01
2019,Jul,TESLA,MODEL 3,3,2019-07-01
2019,Jul,TESLA,MODEL S,4,2019-07-01
2019,Jul,TESLA,MODEL X,2,2019-07-01
2019,Jul,VOLKSWAGEN,GOLF,4,2019-07-01
2019,Jun,BMW,3 SERIES,1,2019-06-01
2019,Jun,BMW,I,5,2019-06-01
2019,Jun,BMW,I3,3,2019-06-01
2019,Jun,HONDA,CIVIC,1,2019-06-01
2019,Jun,HONDA,FIT,1,2019-06-01
2019,Jun,HYUNDAI,IONIQ,54,2019-06-01
2019,Jun,HYUNDAI,KONA,51,2019-06-01
2019,Jun,JAGUAR,I-PACE,46,2019-06-01
2019,Jun,KIA,NIRO,15,2019-06-01
2019,Jun,MITSUBISHI,I-MIEV,3,2019-06-01
2019,Jun,NISSAN,E-NV200,4,2019-06-01
2019,Jun,NISSAN,LEAF,289,2019-06-01
2019,Jun,NISSAN,NV200,1,2019-06-01
2019,Jun,RENAULT,ZOE,2,2019-06-01
2019,Jun,SMART,FORTWO,1,2019-06-01
2019,Jun,TESLA,MODEL S,7,2019-06-01
2019,Jun,TESLA,MODEL X,10,2019-06-01
2019,Jun,VOLKSWAGEN,GOLF,18,2019-06-01
2019,Mar,BMW,I,3,2019-03-01
2019,Mar,BMW,I3,2,2019-03-01
2019,Mar,HYUNDAI,IONIQ,9,2019-03-01
2019,Mar,HYUNDAI,KONA,27,2019-03-01
2019,Mar,JAGUAR,I-PACE,2,2019-03-01
2019,Mar,KIA,NIRO,5,2019-03-01
2019,Mar,MITSUBISHI,I-MIEV,1,2019-03-01
2019,Mar,NISSAN,LEAF,260,2019-03-01
2019,Mar,RENAULT,ZOE,1,2019-03-01
2019,Mar,SMART,FORTWO,2,2019-03-01
2019,Mar,TESLA,MODEL S,7,2019-03-01
2019,Mar,TESLA,MODEL X,14,2019-03-01
2019,Mar,VOLKSWAGEN,GOLF,12,2019-03-01
2019,May,AUDI,E TRON,4,2019-05-01
2019,May,BERKELEY,S/E328,1,2019-05-01
2019,May,BMW,I3,3,2019-05-01
2019,May,HONDA,FIT,1,2019-05-01
2019,May,HYUNDAI,IONIQ,5,2019-05-01
2019,May,HYUNDAI,KONA,39,2019-05-01
2019,May,KIA,NIRO,7,2019-05-01
2019,May,MITSUBISHI,MIEV,1,2019-05-01
2019,May,MITSUBISHI,MINICAB,1,2019-05-01
2019,May,NISSAN,E-NV200,5,2019-05-01
2019,May,NISSAN,LEAF,302,2019-05-01
2019,May,RENAULT,ZOE,1,2019-05-01
2019,May,SMART,FORTWO,1,2019-05-01
2019,May,TESLA,MODEL S,6,2019-05-01
2019,May,TESLA,MODEL X,10,2019-05-01
2019,May,VOLKSWAGEN,GOLF,29,2019-05-01
2019,Nov,AUDI,E-TRON,8,2019-11-01
2019,Nov,BMW,I,5,2019-11-01
2019,Nov,BMW,I3,2,2019-11-01
2019,Nov,HYUNDAI,IONIQ,5,2019-11-01
2019,Nov,HYUNDAI,KONA,45,2019-11-01
2019,Nov,JAGUAR,I-PACE,8,2019-11-01
2019,Nov,KIA,NIRO,4,2019-11-01
2019,Nov,MERCEDES-BENZ,EQC,1,2019-11-01
2019,Nov,MITSUBISHI,I-MIEV,1,2019-11-01
2019,Nov,NISSAN,E-NV200,5,2019-11-01
2019,Nov,NISSAN,LEAF,250,2019-11-01
2019,Nov,TESLA,MODEL 3,52,2019-11-01
2019,Nov,TESLA,MODEL S,2,2019-11-01
2019,Nov,TESLA,MODEL X,6,2019-11-01
2019,Nov,TOYOTA,CAMRY,1,2019-11-01
2019,Nov,TOYOTA,PRIUS,1,2019-11-01
2019,Nov,VOLKSWAGEN,E-GOLF,2,2019-11-01
2019,Nov,VOLKSWAGEN,GOLF,1,2019-11-01
2019,Oct,AUDI,E-TRON,9,2019-10-01
2019,Oct,BMW,I,4,2019-10-01
2019,Oct,BMW,I3,4,2019-10-01
2019,Oct,HYUNDAI,IONIQ,15,2019-10-01
2019,Oct,HYUNDAI,KONA,2,2019-10-01
2019,Oct,JAGUAR,I-PACE,10,2019-10-01
2019,Oct,KIA,NIRO,1,2019-10-01
2019,Oct,MERCEDES-BENZ,SMART,1,2019-10-01
2019,Oct,MITSUBISHI,I-MIEV,2,2019-10-01
2019,Oct,MITSUBISHI,MINICAB,2,2019-10-01
2019,Oct,MITSUBISHI,OUTLANDER,1,2019-10-01
2019,Oct,NISSAN,LEAF,285,2019-10-01
2019,Oct,RENAULT,ZOE,2,2019-10-01
2019,Oct,SMART,FORTWO,1,2019-10-01
2019,Oct,TESLA,MODEL 3,82,2019-10-01
2019,Oct,TESLA,MODEL S,3,2019-10-01
2019,Oct,TESLA,MODEL X,6,2019-10-01
2019,Oct,VOLKSWAGEN,GOLF,5,2019-10-01
2019,Sep,AUDI,E-TRON,16,2019-09-01
2019,Sep,BMW,I,4,2019-09-01
2019,Sep,BMW,I3,2,2019-09-01
2019,Sep,HYUNDAI,IONIQ,6,2019-09-01
2019,Sep,HYUNDAI,KONA,56,2019-09-01
2019,Sep,JAGUAR,I-PACE,8,2019-09-01
2019,Sep,KIA,NIRO,8,2019-09-01
2019,Sep,MITSUBISHI,I-MIEV,1,2019-09-01
2019,Sep,MITSUBISHI,MINICAB,1,2019-09-01
2019,Sep,NISSAN,E-NV200,5,2019-09-01
2019,Sep,NISSAN,LEAF,316,2019-09-01
2019,Sep,RENAULT,ZOE,1,2019-09-01
2019,Sep,TESLA,MODEL 3,358,2019-09-01
2019,Sep,TESLA,MODEL S,8,2019-09-01
2019,Sep,TESLA,MODEL X,13,2019-09-01
2019,Sep,VOLKSWAGEN,GOLF,7,2019-09-01
2020,Apr,BMW,I3,1,2020-04-01
2020,Apr,HYUNDAI,KONA,8,2020-04-01
2020,Apr,KIA,NIRO,2,2020-04-01
2020,Apr,NISSAN,E-NV200,1,2020-04-01
2020,Apr,NISSAN,LEAF,9,2020-04-01
2020,Apr,TESLA,MODEL 3,4,2020-04-01
2020,Apr,TESLA,MODEL S,1,2020-04-01
2020,Apr,VOLKSWAGEN,GOLF,1,2020-04-01
2020,Aug,AUDI,E-TRON,4,2020-08-01
2020,Aug,BMW,I,4,2020-08-01
2020,Aug,BMW,I3,5,2020-08-01
2020,Aug,HYUNDAI,IONIQ,3,2020-08-01
2020,Aug,HYUNDAI,KONA,18,2020-08-01
2020,Aug,JAGUAR,I-PACE,3,2020-08-01
2020,Aug,KIA,NIRO,6,2020-08-01
2020,Aug,MERCEDES-BENZ,EQC,5,2020-08-01
2020,Aug,MINI,HATCH,14,2020-08-01
2020,Aug,NISSAN,E-NV200,3,2020-08-01
2020,Aug,NISSAN,LEAF,208,2020-08-01
2020,Aug,NISSAN,NV200,1,2020-08-01
2020,Aug,PORSCHE,TAYCAN,3,2020-08-01
2020,Aug,TESLA,MODEL 3,32,2020-08-01
2020,Aug,TESLA,MODEL S,4,2020-08-01
2020,Aug,TESLA,MODEL X,5,2020-08-01
2020,Aug,VOLKSWAGEN,GOLF,5,2020-08-01
2020,Dec,AUDI,E-TRON,8,2020-12-01
2020,Dec,BMW,I,1,2020-12-01
2020,Dec,BMW,I3,1,2020-12-01
2020,Dec,HONDA,E ADVANCE,2,2020-12-01
2020,Dec,HYUNDAI,IONIQ,2,2020-12-01
2020,Dec,HYUNDAI,KONA,24,2020-12-01
2020,Dec,JAGUAR,I-PACE,5,2020-12-01
2020,Dec,KIA,NIRO,1,2020-12-01
2020,Dec,KIA,SOUL,2,2020-12-01
2020,Dec,MERCEDES-BENZ,EQC,2,2020-12-01
2020,Dec,MG,ZS EV,58,2020-12-01
2020,Dec,NISSAN,E-NV200,5,2020-12-01
2020,Dec,NISSAN,LEAF,169,2020-12-01
2020,Dec,NISSAN,NV200,1,2020-12-01
2020,Dec,PORSCHE,TAYCAN,1,2020-12-01
2020,Dec,RENAULT,ZOE,1,2020-12-01
2020,Dec,TESLA,MODEL 3,80,2020-12-01
2020,Dec,TESLA,MODEL S,4,2020-12-01
2020,Dec,TESLA,MODEL X,4,2020-12-01
2020,Dec,VOLKSWAGEN,E-GOLF,1,2020-12-01
2020,Dec,VOLKSWAGEN,GOLF,4,2020-12-01
2020,Dec,VOLKSWAGEN,ID3,1,2020-12-01
2020,Feb,AUDI,E-TRON,7,2020-02-01
2020,Feb,BMW,I,4,2020-02-01
2020,Feb,BMW,I3,4,2020-02-01
2020,Feb,HYUNDAI,IONIQ,9,2020-02-01
2020,Feb,HYUNDAI,KONA,26,2020-02-01
2020,Feb,JAGUAR,I-PACE,4,2020-02-01
2020,Feb,MITSUBISHI,I-MIEV,2,2020-02-01
2020,Feb,MITSUBISHI,MINICAB,1,2020-02-01
2020,Feb,NISSAN,E-NV200,6,2020-02-01
2020,Feb,NISSAN,LEAF,244,2020-02-01
2020,Feb,RENAULT,ZOE,1,2020-02-01
2020,Feb,TESLA,MODEL 3,26,2020-02-01
2020,Feb,TESLA,MODEL S,3,2020-02-01
2020,Feb,TESLA,MODEL X,7,2020-02-01
2020,Feb,VOLKSWAGEN,GOLF,26,2020-02-01
2020,Jan,AUDI,E-TRON,6,2020-01-01
2020,Jan,BMW,I,5,2020-01-01
2020,Jan,BMW,I3,8,2020-01-01
2020,Jan,HYUNDAI,IONIQ,8,2020-01-01
2020,Jan,HYUNDAI,KONA,38,2020-01-01
2020,Jan,JAGUAR,I-PACE,8,2020-01-01
2020,Jan,MERCEDES-BENZ,EQC,4,2020-01-01
2020,Jan,MITSUBISHI,I-MIEV,2,2020-01-01
2020,Jan,NISSAN,E-NV200,3,2020-01-01
2020,Jan,NISSAN,LEAF,275,2020-01-01
2020,Jan,RENAULT,ZOE,3,2020-01-01
2020,Jan,SMART,FORTWO,1,2020-01-01
2020,Jan,TESLA,MODEL 3,48,2020-01-01
2020,Jan,TESLA,MODEL S,6,2020-01-01
2020,Jan,TESLA,MODEL X,6,2020-01-01
2020,Jan,VOLKSWAGEN,E-GOLF,2,2020-01-01
2020,Jan,VOLKSWAGEN,GOLF,3,2020-01-01
2020,Jul,AUDI,E-TRON,6,2020-07-01
2020,Jul,BMW,I,1,2020-07-01
2020,Jul,BMW,I3,2,2020-07-01
2020,Jul,HYUNDAI,IONIQ,5,2020-07-01
2020,Jul,HYUNDAI,KONA,16,2020-07-01
2020,Jul,JAGUAR,I-PACE,9,2020-07-01
2020,Jul,KIA,NIRO,5,2020-07-01
2020,Jul,MERCEDES-BENZ,EQC,2,2020-07-01
2020,Jul,MINI,HATCH,14,2020-07-01
2020,Jul,NISSAN,E-NV200,2,2020-07-01
2020,Jul,NISSAN,LEAF,236,2020-07-01
2020,Jul,NISSAN,NV200,1,2020-07-01
2020,Jul,RENAULT,ZOE,1,2020-07-01
2020,Jul,TESLA,MODEL 3,11,2020-07-01
2020,Jul,TESLA,MODEL S,4,2020-07-01
2020,Jul,TESLA,MODEL X,2,2020-07-01
2020,Jul,VOLKSWAGEN,GOLF,1,2020-07-01
2020,Jun,AUDI,E-TRON,4,2020-06-01
2020,Jun,BMW,I,3,2020-06-01
2020,Jun,BMW,I3,2,2020-06-01
2020,Jun,HYUNDAI,KONA,16,2020-06-01
2020,Jun,JAGUAR,I-PACE,8,2020-06-01
2020,Jun,KIA,NIRO,2,2020-06-01
2020,Jun,MERCEDES-BENZ,EQC,7,2020-06-01
2020,Jun,MINI,HATCH,1,2020-06-01
2020,Jun,MITSUBISHI,MINICAB,1,2020-06-01
2020,Jun,NISSAN,LEAF,230,2020-06-01
2020,Jun,RENAULT,ZOE,2,2020-06-01
2020,Jun,TESLA,MODEL 3,54,2020-06-01
2020,Jun,TESLA,MODEL S,4,2020-06-01
2020,Jun,TESLA,MODEL X,10,2020-06-01
2020,Jun,VOLKSWAGEN,GOLF,3,2020-06-01
2020,Mar,AUDI,E-TRON,4,2020-03-01
2020,Mar,BMW,I3,5,2020-03-01
2020,Mar,FACTORY BUILT,ROEWE MARVEL X,1,2020-03-01
2020,Mar,HYUNDAI,IONIQ,4,2020-03-01
2020,Mar,HYUNDAI,KONA,20,2020-03-01
2020,Mar,JAGUAR,I-PACE,8,2020-03-01
2020,Mar,MERCEDES-BENZ,EQC,1,2020-03-01
2020,Mar,MITSUBISHI,I-MIEV,1,2020-03-01
2020,Mar,NISSAN,E-NV200,4,2020-03-01
2020,Mar,NISSAN,LEAF,215,2020-03-01
2020,Mar,RENAULT,ZOE,2,2020-03-01
2020,Mar,TESLA,MODEL 3,79,2020-03-01
2020,Mar,TESLA,MODEL S,5,2020-03-01
2020,Mar,TESLA,MODEL X,4,2020-03-01
2020,Mar,TOYOTA,PRIUS,1,2020-03-01
2020,May,BMW,I,3,2020-05-01
2020,May,BMW,I3,3,2020-05-01
2020,May,HYUNDAI,KONA,11,2020-05-01
2020,May,JAGUAR,I-PACE,7,2020-05-01
2020,May,KIA,NIRO,4,2020-05-01
2020,May,MERCEDES-BENZ,EQC,2,2020-05-01
2020,May,MITSUBISHI,MINICAB,1,2020-05-01
2020,May,NISSAN,E-NV200,2,2020-05-01
2020,May,NISSAN,LEAF,143,2020-05-01
2020,May,SMART,FORTWO,1,2020-05-01
2020,May,TESLA,MODEL 3,21,2020-05-01
2020,May,TESLA,MODEL S,1,2020-05-01
2020,May,TESLA,MODEL X,1,2020-05-01
2020,May,VOLKSWAGEN,GOLF,6,2020-05-01
2020,Nov,AUDI,E-TRON,17,2020-11-01
2020,Nov,BMW,I3,2,2020-11-01
2020,Nov,BYD,E6Y,1,2020-11-01
2020,Nov,HONDA,E ADVANCE,2,2020-11-01
2020,Nov,HYUNDAI,IONIQ,3,2020-11-01
2020,Nov,HYUNDAI,KONA,27,2020-11-01
2020,Nov,JAGUAR,I-PACE,6,2020-11-01
2020,Nov,KIA,NIRO,4,2020-11-01
2020,Nov,MERCEDES-BENZ,EQC,7,2020-11-01
2020,Nov,MG,ZS EV,60,2020-11-01
2020,Nov,MINI,HATCH,6,2020-11-01
2020,Nov,NISSAN,E-NV200,8,2020-11-01
2020,Nov,NISSAN,LEAF,256,2020-11-01
2020,Nov,NISSAN,VANETTE,1,2020-11-01
2020,Nov,SMART,FORTWO,1,2020-11-01
2020,Nov,TESLA,MODEL 3,1,2020-11-01
2020,Nov,TESLA,MODEL X,1,2020-11-01
2020,Oct,AUDI,E-TRON,18,2020-10-01
2020,Oct,BMW,I,4,2020-10-01
2020,Oct,BMW,I3,3,2020-10-01
2020,Oct,HYUNDAI,IONIQ,2,2020-10-01
2020,Oct,HYUNDAI,KONA,15,2020-10-01
2020,Oct,JAGUAR,I-PACE,5,2020-10-01
2020,Oct,KIA,NIRO,9,2020-10-01
2020,Oct,MERCEDES-BENZ,EQC,5,2020-10-01
2020,Oct,MINI,HATCH,16,2020-10-01
2020,Oct,NISSAN,E-NV200,4,2020-10-01
2020,Oct,NISSAN,LEAF,182,2020-10-01
2020,Oct,NISSAN,NV200,1,2020-10-01
2020,Oct,SMART,FORTWO,1,2020-10-01
2020,Oct,TESLA,MODEL 3,15,2020-10-01
2020,Oct,TESLA,MODEL S,2,2020-10-01
2020,Oct,TESLA,MODEL X,3,2020-10-01
2020,Oct,VOLKSWAGEN,GOLF,5,2020-10-01
2020,Sep,AUDI,E-TRON,7,2020-09-01
2020,Sep,BMW,I,4,2020-09-01
2020,Sep,BMW,I3,3,2020-09-01
2020,Sep,HYUNDAI,IONIQ,9,2020-09-01
2020,Sep,HYUNDAI,KONA,18,2020-09-01
2020,Sep,JAGUAR,I-PACE,3,2020-09-01
2020,Sep,KIA,NIRO,4,2020-09-01
2020,Sep,KIA,SOUL,1,2020-09-01
2020,Sep,MERCEDES-BENZ,EQC,2,2020-09-01
2020,Sep,MINI,HATCH,2,2020-09-01
2020,Sep,MITSUBISHI,I-MIEV,1,2020-09-01
2020,Sep,NISSAN,E-NV200,6,2020-09-01
2020,Sep,NISSAN,LEAF,222,2020-09-01
2020,Sep,NISSAN,NV200,1,2020-09-01
2020,Sep,SMART,FORTWO,2,2020-09-01
2020,Sep,TESLA,MODEL 3,139,2020-09-01
2020,Sep,TESLA,MODEL S,6,2020-09-01
2020,Sep,TESLA,MODEL X,13,2020-09-01
2020,Sep,VOLKSWAGEN,GOLF,24,2020-09-01
2021,Apr,AUDI,E-TRON,3,2021-04-01
2021,Apr,AUDI,RS ETRON GT,1,2021-04-01
2021,Apr,BMW,I3,4,2021-04-01
2021,Apr,BYD,E6Y,1,2021-04-01
2021,Apr,HYUNDAI,IONIQ,16,2021-04-01
2021,Apr,HYUNDAI,IONIQ 5,1,2021-04-01
2021,Apr,HYUNDAI,KONA,67,2021-04-01
2021,Apr,JAGUAR,I-PACE,3,2021-04-01
2021,Apr,KIA,NIRO,20,2021-04-01
2021,Apr,MERCEDES-BENZ,EQC,1,2021-04-01
2021,Apr,MG,5,3,2021-04-01
2021,Apr,MG,ZS,25,2021-04-01
2021,Apr,MG,ZS EV,11,2021-04-01
2021,Apr,MINI,HATCH,7,2021-04-01
2021,Apr,MITSUBISHI,MINICAB,1,2021-04-01
2021,Apr,NISSAN,LEAF,210,2021-04-01
2021,Apr,PEUGEOT,E-208,1,2021-04-01
2021,Apr,PORSCHE,TAYCAN,11,2021-04-01
2021,Apr,RENAULT,ZOE,1,2021-04-01
2021,Apr,TESLA,MODEL 3,10,2021-04-01
2021,Apr,TESLA,MODEL S,6,2021-04-01
2021,Apr,VOLKSWAGEN,E-GOLF,2,2021-04-01
2021,Apr,VOLKSWAGEN,ID3,1,2021-04-01
2021,Aug,AUDI,E-TRON,9,2021-08-01
2021,Aug,BMW,I,1,2021-08-01
2021,Aug,BMW,I3,1,2021-08-01
2021,Aug,HYUNDAI,IONIQ,6,2021-08-01
2021,Aug,HYUNDAI,IONIQ 5,10,2021-08-01
2021,Aug,HYUNDAI,KONA,31,2021-08-01
2021,Aug,JAGUAR,I-PACE,1,2021-08-01
2021,Aug,KIA,NIRO,2,2021-08-01
2021,Aug,MAZDA,MX-30,2,2021-08-01
2021,Aug,MERCEDES-BENZ,EQA,5,2021-08-01
2021,Aug,MERCEDES-BENZ,EQC,1,2021-08-01
2021,Aug,MG,5,1,2021-08-01
2021,Aug,MG,ZS,56,2021-08-01
2021,Aug,MINI,HATCH,6,2021-08-01
2021,Aug,MITSUBISHI,I-MIEV,1,2021-08-01
2021,Aug,MITSUBISHI,MIEV,1,2021-08-01
2021,Aug,NISSAN,E-NV200,1,2021-08-01
2021,Aug,NISSAN,LEAF,156,2021-08-01
2021,Aug,PORSCHE,TAYCAN,2,2021-08-01
2021,Aug,RENAULT,ZOE,1,2021-08-01
2021,Aug,TESLA,MODEL 3,191,2021-08-01
2021,Aug,VOLKSWAGEN,E-GOLF,1,2021-08-01
2021,Aug,VOLKSWAGEN,ID3,1,2021-08-01
2021,Aug,VOLKSWAGEN,ID4,1,2021-08-01
2021,Dec,AUDI,E-TRON,12,2021-12-01
2021,Dec,AUDI,E-TRON GT,1,2021-12-01
2021,Dec,BMW,I,28,2021-12-01
2021,Dec,BMW,I3,1,2021-12-01
2021,Dec,HYUNDAI,IONIQ,58,2021-12-01
2021,Dec,HYUNDAI,IONIQ 5,70,2021-12-01
2021,Dec,HYUNDAI,KONA,138,2021-12-01
2021,Dec,JAGUAR,I-PACE,2,2021-12-01
2021,Dec,KIA,NIRO,21,2021-12-01
2021,Dec,LEXUS,UX300E,13,2021-12-01
2021,Dec,MAZDA,MX-30,3,2021-12-01
2021,Dec,MERCEDES-BENZ,EQA,2,2021-12-01
2021,Dec,MERCEDES-BENZ,EQC,5,2021-12-01
2021,Dec,MG,5,1,2021-12-01
2021,Dec,MG,ZS,49,2021-12-01
2021,Dec,MINI,HATCH,27,2021-12-01
2021,Dec,NISSAN,LEAF,196,2021-12-01
2021,Dec,PEUGEOT,E-2008,19,2021-12-01
2021,Dec,PEUGEOT,E-208,19,2021-12-01
2021,Dec,POLESTAR,POLESTAR 2,34,2021-12-01
2021,Dec,PORSCHE,TAYCAN,1,2021-12-01
2021,Dec,RENAULT,ZOE,3,2021-12-01
2021,Dec,SKODA,ENYAQ,2,2021-12-01
2021,Dec,SMART,FORTWO,1,2021-12-01
2021,Dec,TESLA,MODEL 3,620,2021-12-01
2021,Dec,TESLA,MODEL S,6,2021-12-01
2021,Dec,VAUXHALL,CORSA,1,2021-12-01
2021,Dec,VOLKSWAGEN,ID3,2,2021-12-01
2021,Dec,VOLKSWAGEN,ID4,1,2021-12-01
2021,Feb,AUDI,E-TRON,15,2021-02-01
2021,Feb,BMW,I,2,2021-02-01
2021,Feb,BMW,I3,4,2021-02-01
2021,Feb,BYD,E6Y,2,2021-02-01
2021,Feb,HYUNDAI,IONIQ,8,2021-02-01
2021,Feb,HYUNDAI,KONA,6,2021-02-01
2021,Feb,JAGUAR,I-PACE,2,2021-02-01
2021,Feb,KIA,NIRO,4,2021-02-01
2021,Feb,MERCEDES-BENZ,EQC,7,2021-02-01
2021,Feb,MG,ZS EV,34,2021-02-01
2021,Feb,MINI,HATCH,3,2021-02-01
2021,Feb,MITSUBISHI,I-MIEV,1,2021-02-01
2021,Feb,MITSUBISHI,MINICA,1,2021-02-01
2021,Feb,NISSAN,E-NV200,5,2021-02-01
2021,Feb,NISSAN,LEAF,153,2021-02-01
2021,Feb,NISSAN,NV200,1,2021-02-01
2021,Feb,PORSCHE,TAYCAN,20,2021-02-01
2021,Feb,PORSCHE,TAYCAN 4S,1,2021-02-01
2021,Feb,PORSCHE,TAYCAN TURBO,2,2021-02-01
2021,Feb,PORSCHE,TAYCAN TURBO S,3,2021-02-01
2021,Feb,RENAULT,KANGOO,1,2021-02-01
2021,Feb,TESLA,MODEL 3,86,2021-02-01
2021,Feb,VOLKSWAGEN,E-GOLF,4,2021-02-01
2021,Feb,VOLKSWAGEN,GOLF,2,2021-02-01
2021,Feb,VOLKSWAGEN,ID3,3,2021-02-01
2021,Jan,AUDI,E-TRON,18,2021-01-01
2021,Jan,BMW,I,2,2021-01-01
2021,Jan,BMW,I3,2,2021-01-01
2021,Jan,BYD,E6Y,1,2021-01-01
2021,Jan,HONDA,E ADVANCE,2,2021-01-01
2021,Jan,HYUNDAI,IONIQ,28,2021-01-01
2021,Jan,HYUNDAI,KONA,56,2021-01-01
2021,Jan,JAGUAR,I-PACE,11,2021-01-01
2021,Jan,KIA,NIRO,5,2021-01-01
2021,Jan,MAZDA,MX-30,4,2021-01-01
2021,Jan,MERCEDES-BENZ,EQC,12,2021-01-01
2021,Jan,MG,ZS EV,49,2021-01-01
2021,Jan,MINI,HATCH,1,2021-01-01
2021,Jan,MITSUBISHI,I-MIEV,1,2021-01-01
2021,Jan,NISSAN,E-NV200,4,2021-01-01
2021,Jan,NISSAN,LEAF,215,2021-01-01
2021,Jan,PORSCHE,TAYCAN,14,2021-01-01
2021,Jan,TESLA,MODEL 3,29,2021-01-01
2021,Jan,TESLA,MODEL S,6,2021-01-01
2021,Jan,TESLA,MODEL X,3,2021-01-01
2021,Jan,VOLKSWAGEN,GOLF,1,2021-01-01
2021,Jan,VOLKSWAGEN,ID3,1,2021-01-01
2021,Jul,AUDI,E-TRON,27,2021-07-01
2021,Jul,BMW,I,1,2021-07-01
2021,Jul,BMW,I3,2,2021-07-01
2021,Jul,HONDA,E ADVANCE,2,2021-07-01
2021,Jul,HYUNDAI,IONIQ,23,2021-07-01
2021,Jul,HYUNDAI,KONA,151,2021-07-01
2021,Jul,JAGUAR,I-PACE,2,2021-07-01
2021,Jul,KIA,NIRO,48,2021-07-01
2021,Jul,MAZDA,MX-30,29,2021-07-01
2021,Jul,MERCEDES-BENZ,EQA,1,2021-07-01
2021,Jul,MERCEDES-BENZ,EQC,2,2021-07-01
2021,Jul,MERCEDES-BENZ,SMART,1,2021-07-01
2021,Jul,MG,5,4,2021-07-01
2021,Jul,MG,ZS,185,2021-07-01
2021,Jul,MG,ZS EV,2,2021-07-01
2021,Jul,MINI,HATCH,33,2021-07-01
2021,Jul,MITSUBISHI,I-MIEV,2,2021-07-01
2021,Jul,NISSAN,E-NV200,2,2021-07-01
2021,Jul,NISSAN,LEAF,513,2021-07-01
2021,Jul,NISSAN,NOTE,1,2021-07-01
2021,Jul,NISSAN,NV200,1,2021-07-01
2021,Jul,PEUGEOT,E-2008,2,2021-07-01
2021,Jul,PEUGEOT,E-208,1,2021-07-01
2021,Jul,PORSCHE,TAYCAN,6,2021-07-01
2021,Jul,RENAULT,ZOE,14,2021-07-01
2021,Jul,TESLA,MODEL 3,199,2021-07-01
2021,Jul,TESLA,MODEL S,4,2021-07-01
2021,Jul,TESLA,MODEL X,1,2021-07-01
2021,Jul,TOYOTA,PRIUS,1,2021-07-01
2021,Jul,VOLKSWAGEN,E-GOLF,4,2021-07-01
2021,Jul,VOLKSWAGEN,ID3,4,2021-07-01
2021,Jul,VOLKSWAGEN,ID4,4,2021-07-01
2021,Jun,AUDI,E-TRON,12,2021-06-01
2021,Jun,BMW,I3,1,2021-06-01
2021,Jun,HYUNDAI,IONIQ,18,2021-06-01
2021,Jun,HYUNDAI,KONA,15,2021-06-01
2021,Jun,JAGUAR,I-PACE,5,2021-06-01
2021,Jun,KIA,NIRO,3,2021-06-01
2021,Jun,MERCEDES-BENZ,EQA,16,2021-06-01
2021,Jun,MERCEDES-BENZ,EQC,10,2021-06-01
2021,Jun,MG,ZS,14,2021-06-01
2021,Jun,MINI,HATCH,6,2021-06-01
2021,Jun,MITSUBISHI,I-MIEV,1,2021-06-01
2021,Jun,NISSAN,E-NV200,4,2021-06-01
2021,Jun,NISSAN,LEAF,71,2021-06-01
2021,Jun,PORSCHE,TAYCAN,8,2021-06-01
2021,Jun,RENAULT,ZOE,1,2021-06-01
2021,Jun,TESLA,MODEL 3,222,2021-06-01
2021,Jun,TESLA,MODEL S,2,2021-06-01
2021,Jun,VOLKSWAGEN,E-GOLF,1,2021-06-01
2021,Jun,VOLKSWAGEN,ID3,2,2021-06-01
2021,Mar,AUDI,E-TRON,15,2021-03-01
2021,Mar,BMW,I3,5,2021-03-01
2021,Mar,HYUNDAI,IONIQ,15,2021-03-01
2021,Mar,HYUNDAI,KONA,19,2021-03-01
2021,Mar,JAGUAR,I-PACE,2,2021-03-01
2021,Mar,KIA,NIRO,7,2021-03-01
2021,Mar,MERCEDES-BENZ,EQC,16,2021-03-01
2021,Mar,MG,ZS,22,2021-03-01
2021,Mar,MG,ZS EV,37,2021-03-01
2021,Mar,MINI,HATCH,1,2021-03-01
2021,Mar,NISSAN,E-NV200,4,2021-03-01
2021,Mar,NISSAN,LEAF,248,2021-03-01
2021,Mar,PEUGEOT,E-208,1,2021-03-01
2021,Mar,PORSCHE,TAYCAN,16,2021-03-01
2021,Mar,RENAULT,ZOE,1,2021-03-01
2021,Mar,TESLA,MODEL 3,269,2021-03-01
2021,Mar,TESLA,MODEL S,1,2021-03-01
2021,Mar,TESLA,MODEL X,1,2021-03-01
2021,Mar,TOYOTA,PRIUS,1,2021-03-01
2021,Mar,VOLKSWAGEN,E-GOLF,1,2021-03-01
2021,Mar,VOLKSWAGEN,GOLF,1,2021-03-01
2021,Mar,VOLKSWAGEN,ID3,1,2021-03-01
2021,May,AUDI,E-TRON,4,2021-05-01
2021,May,BMW,I,4,2021-05-01
2021,May,BMW,I3,1,2021-05-01
2021,May,BYD,E6H,1,2021-05-01
2021,May,HYUNDAI,IONIQ,10,2021-05-01
2021,May,HYUNDAI,KONA,59,2021-05-01
2021,May,JAGUAR,I-PACE,6,2021-05-01
2021,May,KIA,NIRO,10,2021-05-01
2021,May,MERCEDES-BENZ,EQA,11,2021-05-01
2021,May,MG,5,2,2021-05-01
2021,May,MG,ZS,44,2021-05-01
2021,May,MG,ZS EV,3,2021-05-01
2021,May,MINI,HATCH,17,2021-05-01
2021,May,MITSUBISHI,I-MIEV,1,2021-05-01
2021,May,MITSUBISHI,MINICAB,1,2021-05-01
2021,May,NISSAN,E-NV200,2,2021-05-01
2021,May,NISSAN,LEAF,210,2021-05-01
2021,May,NISSAN,NV200,1,2021-05-01
2021,May,PEUGEOT,E-208,3,2021-05-01
2021,May,PORSCHE,TAYCAN,8,2021-05-01
2021,May,TESLA,MODEL 3,79,2021-05-01
2021,May,TESLA,MODEL S,5,2021-05-01
2021,May,VOLKSWAGEN,E-GOLF,1,2021-05-01
2021,May,VOLKSWAGEN,GOLF,1,2021-05-01
2021,May,VOLKSWAGEN,ID3,1,2021-05-01
2021,Nov,AUDI,E-TRON,13,2021-11-01
2021,Nov,AUDI,E-TRON GT,9,2021-11-01
2021,Nov,BMW,I,16,2021-11-01
2021,Nov,BMW,I3,1,2021-11-01
2021,Nov,HYUNDAI,IONIQ,27,2021-11-01
2021,Nov,HYUNDAI,IONIQ 5,100,2021-11-01
2021,Nov,HYUNDAI,KONA,64,2021-11-01
2021,Nov,JAGUAR,I-PACE,3,2021-11-01
2021,Nov,KIA,NIRO,25,2021-11-01
2021,Nov,LEXUS,UX300E,29,2021-11-01
2021,Nov,MAZDA,MX-30,1,2021-11-01
2021,Nov,MERCEDES-BENZ,EQA,2,2021-11-01
2021,Nov,MERCEDES-BENZ,EQC,9,2021-11-01
2021,Nov,MG,5,5,2021-11-01
2021,Nov,MG,ZS,120,2021-11-01
2021,Nov,MINI,HATCH,12,2021-11-01
2021,Nov,MITSUBISHI,I-MIEV,2,2021-11-01
2021,Nov,NISSAN,LEAF,246,2021-11-01
2021,Nov,NISSAN,NV200,1,2021-11-01
2021,Nov,PEUGEOT,E-2008,20,2021-11-01
2021,Nov,PEUGEOT,E-208,28,2021-11-01
2021,Nov,POLESTAR,POLESTAR 2,10,2021-11-01
2021,Nov,PORSCHE,TAYCAN,2,2021-11-01
2021,Nov,RENAULT,KANGOO,2,2021-11-01
2021,Nov,RENAULT,ZOE,10,2021-11-01
2021,Nov,SMART,FORTWO,1,2021-11-01
2021,Nov,TESLA,MODEL 3,408,2021-11-01
2021,Nov,TESLA,MODEL S,13,2021-11-01
2021,Nov,VOLKSWAGEN,E-GOLF,1,2021-11-01
2021,Nov,VOLKSWAGEN,ID4,2,2021-11-01
2021,Oct,AUDI,E-TRON,17,2021-10-01
2021,Oct,AUDI,E-TRON GT,5,2021-10-01
2021,Oct,BMW,I,4,2021-10-01
2021,Oct,BMW,I3,7,2021-10-01
2021,Oct,FIAT,500,2,2021-10-01
2021,Oct,HYUNDAI,IONIQ,9,2021-10-01
2021,Oct,HYUNDAI,IONIQ 5,22,2021-10-01
2021,Oct,HYUNDAI,KONA,136,2021-10-01
2021,Oct,JAGUAR,I-PACE,6,2021-10-01
2021,Oct,KIA,NIRO,31,2021-10-01
2021,Oct,MAZDA,MX-30,4,2021-10-01
2021,Oct,MERCEDES-BENZ,EQA,3,2021-10-01
2021,Oct,MERCEDES-BENZ,EQC,20,2021-10-01
2021,Oct,MG,5,4,2021-10-01
2021,Oct,MG,ZS,99,2021-10-01
2021,Oct,MINI,HATCH,11,2021-10-01
2021,Oct,MITSUBISHI,I-MIEV,1,2021-10-01
2021,Oct,NISSAN,E-NV200,2,2021-10-01
2021,Oct,NISSAN,LEAF,215,2021-10-01
2021,Oct,PEUGEOT,E-2008,2,2021-10-01
2021,Oct,PEUGEOT,E-208,7,2021-10-01
2021,Oct,PEUGEOT,EXPERT,1,2021-10-01
2021,Oct,POLESTAR,POLESTAR 2,2,2021-10-01
2021,Oct,PORSCHE,TAYCAN,2,2021-10-01
2021,Oct,RENAULT,KANGOO,1,2021-10-01
2021,Oct,RENAULT,ZOE,2,2021-10-01
2021,Oct,SKODA,ENYAQ,1,2021-10-01
2021,Oct,TESLA,MODEL 3,97,2021-10-01
2021,Oct,TESLA,MODEL S,5,2021-10-01
2021,Oct,TESLA,MODEL X,1,2021-10-01
2021,Oct,VOLKSWAGEN,E-GOLF,1,2021-10-01
2021,Oct,VOLKSWAGEN,E-UP,1,2021-10-01
2021,Oct,VOLKSWAGEN,GOLF,3,2021-10-01
2021,Oct,VOLKSWAGEN,ID3,1,2021-10-01
2021,Oct,VOLKSWAGEN,ID4,1,2021-10-01
2021,Sep,AUDI,E-TRON,11,2021-09-01
2021,Sep,BMW,I,3,2021-09-01
2021,Sep,HONDA,E ADVANCE,1,2021-09-01
2021,Sep,HYUNDAI,IONIQ,21,2021-09-01
2021,Sep,HYUNDAI,IONIQ 5,32,2021-09-01
2021,Sep,HYUNDAI,KONA,84,2021-09-01
2021,Sep,JAGUAR,I-PACE,4,2021-09-01
2021,Sep,KIA,NIRO,39,2021-09-01
2021,Sep,KIA,SOUL,1,2021-09-01
2021,Sep,MAZDA,MX-30,2,2021-09-01
2021,Sep,MERCEDES-BENZ,EQA,25,2021-09-01
2021,Sep,MERCEDES-BENZ,EQC,21,2021-09-01
2021,Sep,MG,ZS,122,2021-09-01
2021,Sep,MINI,HATCH,14,2021-09-01
2021,Sep,NISSAN,E-NV200,2,2021-09-01
2021,Sep,NISSAN,LEAF,143,2021-09-01
2021,Sep,PEUGEOT,E-2008,2,2021-09-01
2021,Sep,PEUGEOT,E-208,29,2021-09-01
2021,Sep,PORSCHE,TAYCAN,6,2021-09-01
2021,Sep,RENAULT,ZOE,3,2021-09-01
2021,Sep,TESLA,MODEL 3,1066,2021-09-01
2021,Sep,TESLA,MODEL S,3,2021-09-01
2021,Sep,VOLKSWAGEN,ID3,1,2021-09-01
2021,Sep,VOLKSWAGEN,ID4,2,2021-09-01
2022,Apr,AUDI,E-TRON,9,2022-04-01
2022,Apr,AUDI,E-TRON GT,5,2022-04-01
2022,Apr,BMW,I,20,2022-04-01
2022,Apr,BMW,I3,3,2022-04-01
2022,Apr,FIAT,500,1,2022-04-01
2022,Apr,HYUNDAI,IONIQ,41,2022-04-01
2022,Apr,HYUNDAI,IONIQ 5,53,2022-04-01
2022,Apr,HYUNDAI,KONA,70,2022-04-01
2022,Apr,JAGUAR,I-PACE,5,2022-04-01
2022,Apr,KIA,EV6,68,2022-04-01
2022,Apr,KIA,NIRO,1,2022-04-01
2022,Apr,LEXUS,UX300E,11,2022-04-01
2022,Apr,MAZDA,MX-30,4,2022-04-01
2022,Apr,MERCEDES-BENZ,EQA,41,2022-04-01
2022,Apr,MERCEDES-BENZ,EQC,14,2022-04-01
2022,Apr,MERCEDES-BENZ,SMART,1,2022-04-01
2022,Apr,MG,5,1,2022-04-01
2022,Apr,MG,ZS,16,2022-04-01
2022,Apr,MINI,HATCH,38,2022-04-01
2022,Apr,MITSUBISHI,I-MIEV,1,2022-04-01
2022,Apr,NISSAN,LEAF,365,2022-04-01
2022,Apr,PEUGEOT,E-2008,1,2022-04-01
2022,Apr,PEUGEOT,E-208,2,2022-04-01
2022,Apr,POLESTAR,POLESTAR 2,81,2022-04-01
2022,Apr,PORSCHE,TAYCAN,11,2022-04-01
2022,Apr,SMART,FORTWO,1,2022-04-01
2022,Apr,TESLA,MODEL 3,1,2022-04-01
2022,Apr,TESLA,MODEL S,4,2022-04-01
2022,Aug,AUDI,E-TRON,10,2022-08-01
2022,Aug,AUDI,E-TRON GT,3,2022-08-01
2022,Aug,BMW,4 SERIES,10,2022-08-01
2022,Aug,BMW,I,29,2022-08-01
2022,Aug,BMW,I3,4,2022-08-01
2022,Aug,BYD,ATTO 3,448,2022-08-01
2022,Aug,FIAT,500,1,2022-08-01
2022,Aug,GENESIS,G80,2,2022-08-01
2022,Aug,GENESIS,GV60,1,2022-08-01
2022,Aug,GENESIS,GV70,1,2022-08-01
2022,Aug,HYUNDAI,IONIQ,38,2022-08-01
2022,Aug,HYUNDAI,IONIQ 5,33,2022-08-01
2022,Aug,HYUNDAI,KONA,63,2022-08-01
2022,Aug,JAGUAR,I-PACE,3,2022-08-01
2022,Aug,KIA,EV6,350,2022-08-01
2022,Aug,KIA,NIRO,53,2022-08-01
2022,Aug,LEXUS,UX300E,22,2022-08-01
2022,Aug,MAZDA,MX-30,3,2022-08-01
2022,Aug,MERCEDES-BENZ,EQA,16,2022-08-01
2022,Aug,MERCEDES-BENZ,EQB,9,2022-08-01
2022,Aug,MERCEDES-BENZ,EQC,8,2022-08-01
2022,Aug,MERCEDES-BENZ,EQS,1,2022-08-01
2022,Aug,MERCEDES-BENZ,V-CLASS,2,2022-08-01
2022,Aug,MG,ZS,22,2022-08-01
2022,Aug,MINI,HATCH,22,2022-08-01
2022,Aug,NISSAN,ARIYA,1,2022-08-01
2022,Aug,NISSAN,E-NV200,2,2022-08-01
2022,Aug,NISSAN,LEAF,309,2022-08-01
2022,Aug,PEUGEOT,E-2008,27,2022-08-01
2022,Aug,PEUGEOT,E-208,8,2022-08-01
2022,Aug,POLESTAR,POLESTAR 2,9,2022-08-01
2022,Aug,PORSCHE,TAYCAN,2,2022-08-01
2022,Aug,RENAULT,ZOE,1,2022-08-01
2022,Aug,SMART,FORTWO,4,2022-08-01
2022,Aug,SSANGYONG,KORANDO,1,2022-08-01
2022,Aug,TESLA,MODEL 3,746,2022-08-01
2022,Aug,TESLA,MODEL X,1,2022-08-01
2022,Aug,TESLA,MODEL Y,581,2022-08-01
2022,Aug,VOLKSWAGEN,ID3,1,2022-08-01
2022,Aug,VOLKSWAGEN,ID4,1,2022-08-01
2022,Dec,AUDI,E-TRON,4,2022-12-01
2022,Dec,BMW,4 SERIES,9,2022-12-01
2022,Dec,BMW,I,34,2022-12-01
2022,Dec,BYD,ATTO 3,318,2022-12-01
2022,Dec,FIAT,500E,2,2022-12-01
2022,Dec,HYUNDAI,IONIQ,22,2022-12-01
2022,Dec,HYUNDAI,IONIQ 5,25,2022-12-01
2022,Dec,HYUNDAI,KONA,68,2022-12-01
2022,Dec,JAGUAR,I-PACE,3,2022-12-01
2022,Dec,KIA,EV6,3,2022-12-01
2022,Dec,KIA,NIRO,4,2022-12-01
2022,Dec,KIA,NIRO PLUS,1,2022-12-01
2022,Dec,LEXUS,UX300E,12,2022-12-01
2022,Dec,MERCEDES-BENZ,EQA,10,2022-12-01
2022,Dec,MERCEDES-BENZ,EQC,2,2022-12-01
2022,Dec,MG,ZS,282,2022-12-01
2022,Dec,MINI,HATCH,33,2022-12-01
2022,Dec,NISSAN,E-NV200,2,2022-12-01
2022,Dec,NISSAN,LEAF,167,2022-12-01
2022,Dec,OPEL,CORSA,2,2022-12-01
2022,Dec,OPEL,MOKKA,7,2022-12-01
2022,Dec,PEUGEOT,E-208,49,2022-12-01
2022,Dec,POLESTAR,POLESTAR 2,25,2022-12-01
2022,Dec,PORSCHE,TAYCAN,1,2022-12-01
2022,Dec,SKODA,ENYAQ,18,2022-12-01
2022,Dec,SMART,FORTWO,1,2022-12-01
2022,Dec,TESLA,MODEL 3,413,2022-12-01
2022,Dec,TESLA,MODEL S,1,2022-12-01
2022,Dec,TESLA,MODEL Y,868,2022-12-01
2022,Dec,TOYOTA,PRIUS,1,2022-12-01
2022,Dec,VOLVO,C40,1,2022-12-01
2022,Dec,VOLVO,XC40,6,2022-12-01
2022,Feb,AUDI,E-TRON,9,2022-02-01
2022,Feb,AUDI,E-TRON GT,2,2022-02-01
2022,Feb,BMW,I,25,2022-02-01
2022,Feb,BMW,I3,3,2022-02-01
2022,Feb,FIAT,500,2,2022-02-01
2022,Feb,HYUNDAI,IONIQ,10,2022-02-01
2022,Feb,HYUNDAI,IONIQ 5,26,2022-02-01
2022,Feb,HYUNDAI,KONA,54,2022-02-01
2022,Feb,JAGUAR,I-PACE,8,2022-02-01
2022,Feb,KIA,NIRO,35,2022-02-01
2022,Feb,LEXUS,UX300E,33,2022-02-01
2022,Feb,MAZDA,MX-30,5,2022-02-01
2022,Feb,MERCEDES-BENZ,EQC,14,2022-02-01
2022,Feb,MG,ZS,31,2022-02-01
2022,Feb,MG,ZS EV,1,2022-02-01
2022,Feb,MINI,HATCH,15,2022-02-01
2022,Feb,MITSUBISHI,I-MIEV,1,2022-02-01
2022,Feb,NISSAN,LEAF,316,2022-02-01
2022,Feb,PEUGEOT,E-2008,3,2022-02-01
2022,Feb,PEUGEOT,E-208,1,2022-02-01
2022,Feb,POLESTAR,POLESTAR 2,33,2022-02-01
2022,Feb,PORSCHE,TAYCAN,4,2022-02-01
2022,Feb,RENAULT,ZOE,1,2022-02-01
2022,Feb,SMART,FORTWO,1,2022-02-01
2022,Feb,TESLA,MODEL 3,351,2022-02-01
2022,Feb,TESLA,MODEL S,6,2022-02-01
2022,Feb,VOLKSWAGEN,E-GOLF,2,2022-02-01
2022,Feb,VOLKSWAGEN,ID3,2,2022-02-01
2022,Jan,AUDI,E-TRON,14,2022-01-01
2022,Jan,AUDI,E-TRON GT,5,2022-01-01
2022,Jan,BMW,I,42,2022-01-01
2022,Jan,BMW,I3,1,2022-01-01
2022,Jan,FIAT,500,2,2022-01-01
2022,Jan,FORD,FIESTA,1,2022-01-01
2022,Jan,HONDA,E ADVANCE,1,2022-01-01
2022,Jan,HYUNDAI,IONIQ,18,2022-01-01
2022,Jan,HYUNDAI,IONIQ 5,59,2022-01-01
2022,Jan,HYUNDAI,KONA,78,2022-01-01
2022,Jan,JAGUAR,I-PACE,18,2022-01-01
2022,Jan,KIA,NIRO,39,2022-01-01
2022,Jan,LEXUS,UX300E,17,2022-01-01
2022,Jan,MAZDA,MX-30,2,2022-01-01
2022,Jan,MERCEDES-BENZ,EQA,19,2022-01-01
2022,Jan,MERCEDES-BENZ,EQC,15,2022-01-01
2022,Jan,MG,ZS,39,2022-01-01
2022,Jan,MINI,HATCH,21,2022-01-01
2022,Jan,NISSAN,LEAF,220,2022-01-01
2022,Jan,PEUGEOT,E-2008,10,2022-01-01
2022,Jan,PEUGEOT,E-208,10,2022-01-01
2022,Jan,POLESTAR,POLESTAR 2,18,2022-01-01
2022,Jan,PORSCHE,TAYCAN,7,2022-01-01
2022,Jan,RENAULT,ZOE,5,2022-01-01
2022,Jan,TESLA,MODEL 3,1,2022-01-01
2022,Jan,TESLA,MODEL S,6,2022-01-01
2022,Jan,VAUXHALL,MOKKA-E,1,2022-01-01
2022,Jan,VOLKSWAGEN,GOLF,1,2022-01-01
2022,Jan,VOLVO,XC40,1,2022-01-01
2022,Jul,AUDI,E-TRON,11,2022-07-01
2022,Jul,AUDI,E-TRON GT,6,2022-07-01
2022,Jul,AUDI,Q4,1,2022-07-01
2022,Jul,BMW,4 SERIES,16,2022-07-01
2022,Jul,BMW,I,27,2022-07-01
2022,Jul,BYD,ATTO 3,20,2022-07-01
2022,Jul,CITROEN,DS3,1,2022-07-01
2022,Jul,FIAT,500,1,2022-07-01
2022,Jul,FORD,MUSTANG,1,2022-07-01
2022,Jul,HYUNDAI,IONIQ,36,2022-07-01
2022,Jul,HYUNDAI,IONIQ 5,15,2022-07-01
2022,Jul,HYUNDAI,KONA,34,2022-07-01
2022,Jul,JAGUAR,I-PACE,3,2022-07-01
2022,Jul,KIA,EV6,39,2022-07-01
2022,Jul,LEXUS,UX300E,12,2022-07-01
2022,Jul,MAZDA,MX-30,2,2022-07-01
2022,Jul,MERCEDES-BENZ,EQA,36,2022-07-01
2022,Jul,MERCEDES-BENZ,EQC,2,2022-07-01
2022,Jul,MERCEDES-BENZ,EQS,3,2022-07-01
2022,Jul,MERCEDES-BENZ,SMART,1,2022-07-01
2022,Jul,MG,5,1,2022-07-01
2022,Jul,MG,ZS,3,2022-07-01
2022,Jul,MINI,HATCH,32,2022-07-01
2022,Jul,NISSAN,E-NV200,2,2022-07-01
2022,Jul,NISSAN,LEAF,421,2022-07-01
2022,Jul,NISSAN,NV200,1,2022-07-01
2022,Jul,PEUGEOT,E-2008,19,2022-07-01
2022,Jul,PEUGEOT,E-208,92,2022-07-01
2022,Jul,POLESTAR,POLESTAR 2,80,2022-07-01
2022,Jul,PORSCHE,TAYCAN,1,2022-07-01
2022,Jul,SMART,FORTWO,1,2022-07-01
2022,Jul,TESLA,MODEL 3,2,2022-07-01
2022,Jul,TESLA,MODEL S,3,2022-07-01
2022,Jul,TESLA,MODEL X,2,2022-07-01
2022,Jul,VOLKSWAGEN,E-GOLF,1,2022-07-01
2022,Jul,VOLKSWAGEN,ID3,1,2022-07-01
2022,Jun,AUDI,E-TRON,16,2022-06-01
2022,Jun,AUDI,E-TRON GT,4,2022-06-01
2022,Jun,BMW,4 SERIES,11,2022-06-01
2022,Jun,BMW,I,16,2022-06-01
2022,Jun,BMW,I3,3,2022-06-01
2022,Jun,BYD,E6H,2,2022-06-01
2022,Jun,FORD,MUSTANG,1,2022-06-01
2022,Jun,HYUNDAI,IONIQ,11,2022-06-01
2022,Jun,HYUNDAI,IONIQ 5,25,2022-06-01
2022,Jun,HYUNDAI,KONA,152,2022-06-01
2022,Jun,JAGUAR,I-PACE,9,2022-06-01
2022,Jun,KIA,EV6,65,2022-06-01
2022,Jun,LEXUS,UX300E,6,2022-06-01
2022,Jun,MAZDA,MX-30,2,2022-06-01
2022,Jun,MERCEDES-BENZ,EQA,6,2022-06-01
2022,Jun,MERCEDES-BENZ,EQC,26,2022-06-01
2022,Jun,MERCEDES-BENZ,EQS,2,2022-06-01
2022,Jun,MG,ZS,3,2022-06-01
2022,Jun,MINI,HATCH,10,2022-06-01
2022,Jun,NISSAN,E-NV200,1,2022-06-01
2022,Jun,NISSAN,LEAF,373,2022-06-01
2022,Jun,PEUGEOT,E-2008,1,2022-06-01
2022,Jun,PEUGEOT,E-208,22,2022-06-01
2022,Jun,POLESTAR,POLESTAR 2,103,2022-06-01
2022,Jun,PORSCHE,TAYCAN,2,2022-06-01
2022,Jun,TESLA,MODEL 3,2,2022-06-01
2022,Jun,TESLA,MODEL S,3,2022-06-01
2022,Jun,TESLA,MODEL X,1,2022-06-01
2022,Jun,TESLA,MODEL Y,10,2022-06-01
2022,Mar,AUDI,E-TRON,18,2022-03-01
2022,Mar,AUDI,E-TRON GT,11,2022-03-01
2022,Mar,BMW,I,36,2022-03-01
2022,Mar,BMW,I3,3,2022-03-01
2022,Mar,BYD,E6H,1,2022-03-01
2022,Mar,CITROEN,C4,1,2022-03-01
2022,Mar,HYUNDAI,IONIQ,19,2022-03-01
2022,Mar,HYUNDAI,IONIQ 5,45,2022-03-01
2022,Mar,HYUNDAI,KONA,94,2022-03-01
2022,Mar,JAGUAR,I-PACE,9,2022-03-01
2022,Mar,KIA,EV6,20,2022-03-01
2022,Mar,KIA,NIRO,73,2022-03-01
2022,Mar,LEXUS,UX300E,18,2022-03-01
2022,Mar,MAZDA,MX-30,4,2022-03-01
2022,Mar,MERCEDES-BENZ,EQA,22,2022-03-01
2022,Mar,MERCEDES-BENZ,EQC,38,2022-03-01
2022,Mar,MG,ZS,129,2022-03-01
2022,Mar,MINI,HATCH,8,2022-03-01
2022,Mar,NISSAN,LEAF,596,2022-03-01
2022,Mar,PEUGEOT,E-2008,25,2022-03-01
2022,Mar,PEUGEOT,E-208,42,2022-03-01
2022,Mar,POLESTAR,POLESTAR 2,105,2022-03-01
2022,Mar,RENAULT,ZOE,1,2022-03-01
2022,Mar,SMART,FORTWO,3,2022-03-01
2022,Mar,TESLA,MODEL 3,949,2022-03-01
2022,Mar,TESLA,MODEL S,6,2022-03-01
2022,May,AUDI,E-TRON,13,2022-05-01
2022,May,AUDI,E-TRON GT,3,2022-05-01
2022,May,BMW,4 SERIES,3,2022-05-01
2022,May,BMW,I,28,2022-05-01
2022,May,BMW,I3,5,2022-05-01
2022,May,BYD,E6Y,1,2022-05-01
2022,May,HONDA,E ADVANCE,1,2022-05-01
2022,May,HYUNDAI,IONIQ,27,2022-05-01
2022,May,HYUNDAI,IONIQ 5,102,2022-05-01
2022,May,HYUNDAI,KONA,65,2022-05-01
2022,May,JAGUAR,I-PACE,4,2022-05-01
2022,May,KIA,EV6,80,2022-05-01
2022,May,KIA,SOUL,1,2022-05-01
2022,May,LEXUS,UX300E,18,2022-05-01
2022,May,MAZDA,MX-30,1,2022-05-01
2022,May,MERCEDES-BENZ,EQA,14,2022-05-01
2022,May,MERCEDES-BENZ,EQC,16,2022-05-01
2022,May,MERCEDES-BENZ,EQS,2,2022-05-01
2022,May,MG,ZS,17,2022-05-01
2022,May,MG,ZS EV,1,2022-05-01
2022,May,MINI,HATCH,16,2022-05-01
2022,May,MITSUBISHI,MINICAB,2,2022-05-01
2022,May,NISSAN,E-NV200,2,2022-05-01
2022,May,NISSAN,LEAF,438,2022-05-01
2022,May,PEUGEOT,E-2008,14,2022-05-01
2022,May,PEUGEOT,E-208,39,2022-05-01
2022,May,POLESTAR,POLESTAR 2,77,2022-05-01
2022,May,PORSCHE,TAYCAN,13,2022-05-01
2022,May,TESLA,MODEL S,9,2022-05-01
2022,May,VOLKSWAGEN,E-GOLF,1,2022-05-01
2022,May,VOLKSWAGEN,GOLF,1,2022-05-01
2022,Nov,AUDI,E-TRON,6,2022-11-01
2022,Nov,AUDI,E-TRON GT,1,2022-11-01
2022,Nov,BMW,4 SERIES,4,2022-11-01
2022,Nov,BMW,I,19,2022-11-01
2022,Nov,BMW,I3,1,2022-11-01
2022,Nov,BYD,ATTO 3,475,2022-11-01
2022,Nov,FIAT,500E,1,2022-11-01
2022,Nov,HYUNDAI,IONIQ,27,2022-11-01
2022,Nov,HYUNDAI,IONIQ 5,46,2022-11-01
2022,Nov,HYUNDAI,KONA,39,2022-11-01
2022,Nov,JAGUAR,I-PACE,2,2022-11-01
2022,Nov,KIA,EV6,8,2022-11-01
2022,Nov,KIA,NIRO,29,2022-11-01
2022,Nov,KIA,NIRO PLUS,2,2022-11-01
2022,Nov,LDV,MIFA,4,2022-11-01
2022,Nov,LEXUS,UX300E,7,2022-11-01
2022,Nov,MAZDA,MX-30,2,2022-11-01
2022,Nov,MERCEDES-BENZ,EQA,7,2022-11-01
2022,Nov,MERCEDES-BENZ,EQC,6,2022-11-01
2022,Nov,MERCEDES-BENZ,EQS,1,2022-11-01
2022,Nov,MG,5,1,2022-11-01
2022,Nov,MG,ZS,211,2022-11-01
2022,Nov,MINI,HATCH,7,2022-11-01
2022,Nov,NISSAN,E-NV200,4,2022-11-01
2022,Nov,NISSAN,LEAF,244,2022-11-01
2022,Nov,NISSAN,NV200,1,2022-11-01
2022,Nov,OPEL,CORSA,8,2022-11-01
2022,Nov,OPEL,MOKKA,11,2022-11-01
2022,Nov,PEUGEOT,E-2008,4,2022-11-01
2022,Nov,PEUGEOT,E-208,20,2022-11-01
2022,Nov,POLESTAR,POLESTAR 2,108,2022-11-01
2022,Nov,SMART,FORTWO,2,2022-11-01
2022,Nov,TESLA,MODEL 3,267,2022-11-01
2022,Nov,TESLA,MODEL X,2,2022-11-01
2022,Nov,TESLA,MODEL Y,1099,2022-11-01
2022,Nov,VAUXHALL,CORSA,1,2022-11-01
2022,Nov,VOLKSWAGEN,GOLF,1,2022-11-01
2022,Nov,VOLVO,C40,19,2022-11-01
2022,Nov,VOLVO,XC40,16,2022-11-01
2022,Oct,AUDI,E-TRON,6,2022-10-01
2022,Oct,BMW,4 SERIES,3,2022-10-01
2022,Oct,BMW,I,15,2022-10-01
2022,Oct,BMW,I3,1,2022-10-01
2022,Oct,BYD,ATTO 3,205,2022-10-01
2022,Oct,BYD,E6H,2,2022-10-01
2022,Oct,BYD,E6Y,2,2022-10-01
2022,Oct,FIAT,500,2,2022-10-01
2022,Oct,FORD,MUSTANG MACH-E,2,2022-10-01
2022,Oct,HYUNDAI,IONIQ,7,2022-10-01
2022,Oct,HYUNDAI,IONIQ 5,46,2022-10-01
2022,Oct,HYUNDAI,KONA,67,2022-10-01
2022,Oct,JAGUAR,I-PACE,6,2022-10-01
2022,Oct,KIA,EV6,19,2022-10-01
2022,Oct,KIA,NIRO,61,2022-10-01
2022,Oct,KIA,NIRO PLUS,2,2022-10-01
2022,Oct,LEXUS,UX300E,9,2022-10-01
2022,Oct,MAZDA,MX-30,4,2022-10-01
2022,Oct,MERCEDES-BENZ,EQA,22,2022-10-01
2022,Oct,MERCEDES-BENZ,EQB,3,2022-10-01
2022,Oct,MERCEDES-BENZ,EQC,11,2022-10-01
2022,Oct,MG,ZS,168,2022-10-01
2022,Oct,MINI,HATCH,41,2022-10-01
2022,Oct,NISSAN,E-NV200,2,2022-10-01
2022,Oct,NISSAN,LEAF,201,2022-10-01
2022,Oct,OPEL,CORSA,5,2022-10-01
2022,Oct,OPEL,MOKKA,15,2022-10-01
2022,Oct,PEUGEOT,E-2008,23,2022-10-01
2022,Oct,PEUGEOT,E-208,78,2022-10-01
2022,Oct,POLESTAR,POLESTAR 2,79,2022-10-01
2022,Oct,PORSCHE,TAYCAN,2,2022-10-01
2022,Oct,TESLA,MODEL 3,1,2022-10-01
2022,Oct,TESLA,MODEL S,1,2022-10-01
2022,Oct,TESLA,MODEL X,1,2022-10-01
2022,Oct,TESLA,MODEL Y,167,2022-10-01
2022,Oct,VOLKSWAGEN,ID.4,1,2022-10-01
2022,Oct,VOLVO,C40,10,2022-10-01
2022,Sep,AUDI,E-TRON,11,2022-09-01
2022,Sep,AUDI,E-TRON GT,3,2022-09-01
2022,Sep,BMW,4 SERIES,5,2022-09-01
2022,Sep,BMW,I,15,2022-09-01
2022,Sep,BYD,ATTO 3,220,2022-09-01
2022,Sep,BYD,E6H,1,2022-09-01
2022,Sep,FIAT,500,4,2022-09-01
2022,Sep,HYUNDAI,IONIQ,44,2022-09-01
2022,Sep,HYUNDAI,IONIQ 5,9,2022-09-01
2022,Sep,HYUNDAI,KONA,31,2022-09-01
2022,Sep,JAGUAR,I-PACE,3,2022-09-01
2022,Sep,KIA,EV6,31,2022-09-01
2022,Sep,KIA,NIRO,37,2022-09-01
2022,Sep,KIA,NIRO PLUS,5,2022-09-01
2022,Sep,LEXUS,UX300E,13,2022-09-01
2022,Sep,MAZDA,MX-30,2,2022-09-01
2022,Sep,MERCEDES-BENZ,EQA,12,2022-09-01
2022,Sep,MERCEDES-BENZ,EQB,7,2022-09-01
2022,Sep,MERCEDES-BENZ,EQC,11,2022-09-01
2022,Sep,MG,ZS,177,2022-09-01
2022,Sep,MG,ZS EV,1,2022-09-01
2022,Sep,MINI,COOPER,1,2022-09-01
2022,Sep,MINI,HATCH,33,2022-09-01
2022,Sep,MITSUBISHI,MINICAB,1,2022-09-01
2022,Sep,NISSAN,E-NV200,1,2022-09-01
2022,Sep,NISSAN,LEAF,228,2022-09-01
2022,Sep,PEUGEOT,E-2008,4,2022-09-01
2022,Sep,PEUGEOT,E-208,2,2022-09-01
2022,Sep,POLESTAR,POLESTAR 2,102,2022-09-01
2022,Sep,PORSCHE,TAYCAN,2,2022-09-01
2022,Sep,SMART,FORTWO,3,2022-09-01
2022,Sep,TESLA,MODEL 3,52,2022-09-01
2022,Sep,TESLA,MODEL S,3,2022-09-01
2022,Sep,TESLA,MODEL Y,1502,2022-09-01
2022,Sep,VOLKSWAGEN,GOLF,1,2022-09-01
2022,Sep,VOLKSWAGEN,ID.4,2,2022-09-01
2022,Sep,VOLVO,C40,4,2022-09-01
2023,Apr,AUDI,E-TRON,9,2023-04-01
2023,Apr,AUDI,E-TRON GT,3,2023-04-01
2023,Apr,BMW,4 SERIES,18,2023-04-01
2023,Apr,BMW,I,13,2023-04-01
2023,Apr,BMW,X1,6,2023-04-01
2023,Apr,BYD,ATTO 3,182,2023-04-01
2023,Apr,BYD,E6H,3,2023-04-01
2023,Apr,CUPRA,BORN,2,2023-04-01
2023,Apr,FORD,MUSTANG MACH-E,65,2023-04-01
2023,Apr,GWM,ORA,26,2023-04-01
2023,Apr,HYUNDAI,IONIQ,14,2023-04-01
2023,Apr,HYUNDAI,IONIQ 5,28,2023-04-01
2023,Apr,HYUNDAI,IONIQ 6,12,2023-04-01
2023,Apr,HYUNDAI,KONA,54,2023-04-01
2023,Apr,KIA,EV6,85,2023-04-01
2023,Apr,KIA,NIRO,47,2023-04-01
2023,Apr,KIA,NIRO PLUS,6,2023-04-01
2023,Apr,LEXUS,RZ,9,2023-04-01
2023,Apr,MAZDA,MX-30,1,2023-04-01
2023,Apr,MERCEDES-BENZ,EQA,10,2023-04-01
2023,Apr,MERCEDES-BENZ,EQB,5,2023-04-01
2023,Apr,MERCEDES-BENZ,EQC,4,2023-04-01
2023,Apr,MERCEDES-BENZ,EQE,5,2023-04-01
2023,Apr,MG,4,1,2023-04-01
2023,Apr,MG,ZS,111,2023-04-01
2023,Apr,MG,ZS EV,1,2023-04-01
2023,Apr,MINI,HATCH,12,2023-04-01
2023,Apr,MITSUBISHI,EK,1,2023-04-01
2023,Apr,MITSUBISHI,I-MIEV,2,2023-04-01
2023,Apr,MITSUBISHI,MINICAB,1,2023-04-01
2023,Apr,NISSAN,E-NV200,4,2023-04-01
2023,Apr,NISSAN,LEAF,224,2023-04-01
2023,Apr,OPEL,CORSA,1,2023-04-01
2023,Apr,OPEL,MOKKA,9,2023-04-01
2023,Apr,PEUGEOT,E-2008,14,2023-04-01
2023,Apr,PEUGEOT,E-208,14,2023-04-01
2023,Apr,POLESTAR,POLESTAR 2,44,2023-04-01
2023,Apr,PORSCHE,TAYCAN,3,2023-04-01
2023,Apr,SSANGYONG,KORANDO,3,2023-04-01
2023,Apr,TESLA,MODEL 3,71,2023-04-01
2023,Apr,TESLA,MODEL S,1,2023-04-01
2023,Apr,TESLA,MODEL Y,127,2023-04-01
2023,Apr,VOLVO,C40,1,2023-04-01
2023,Apr,VOLVO,XC40,18,2023-04-01
2023,Feb,AUDI,E-TRON,7,2023-02-01
2023,Feb,AUDI,E-TRON GT,5,2023-02-01
2023,Feb,BMW,4 SERIES,18,2023-02-01
2023,Feb,BMW,I,3,2023-02-01
2023,Feb,BYD,ATTO 3,142,2023-02-01
2023,Feb,BYD,E6H,5,2023-02-01
2023,Feb,FIAT,500E,1,2023-02-01
2023,Feb,FORD,MUSTANG MACH-E,2,2023-02-01
2023,Feb,HYUNDAI,IONIQ,14,2023-02-01
2023,Feb,HYUNDAI,IONIQ 5,22,2023-02-01
2023,Feb,HYUNDAI,IONIQ 6,5,2023-02-01
2023,Feb,HYUNDAI,KONA,94,2023-02-01
2023,Feb,JAGUAR,I-PACE,4,2023-02-01
2023,Feb,KIA,EV6,9,2023-02-01
2023,Feb,KIA,NIRO,18,2023-02-01
2023,Feb,KIA,NIRO PLUS,21,2023-02-01
2023,Feb,LEXUS,UX300E,3,2023-02-01
2023,Feb,MAZDA,MX-30,2,2023-02-01
2023,Feb,MERCEDES-BENZ,EQA,13,2023-02-01
2023,Feb,MERCEDES-BENZ,EQB,7,2023-02-01
2023,Feb,MERCEDES-BENZ,EQC,3,2023-02-01
2023,Feb,MERCEDES-BENZ,EQE,4,2023-02-01
2023,Feb,MERCEDES-BENZ,EQS,2,2023-02-01
2023,Feb,MG,ZS,102,2023-02-01
2023,Feb,MINI,HATCH,14,2023-02-01
2023,Feb,MITSUBISHI,I-MIEV,1,2023-02-01
2023,Feb,NISSAN,E-NV200,3,2023-02-01
2023,Feb,NISSAN,LEAF,167,2023-02-01
2023,Feb,NISSAN,NV200,1,2023-02-01
2023,Feb,OPEL,CORSA,4,2023-02-01
2023,Feb,OPEL,MOKKA,8,2023-02-01
2023,Feb,PEUGEOT,E-2008,7,2023-02-01
2023,Feb,PEUGEOT,E-208,18,2023-02-01
2023,Feb,POLESTAR,POLESTAR 2,6,2023-02-01
2023,Feb,PORSCHE,TAYCAN,10,2023-02-01
2023,Feb,SMART,FORTWO,2,2023-02-01
2023,Feb,TESLA,MODEL 3,73,2023-02-01
2023,Feb,TESLA,MODEL Y,95,2023-02-01
2023,Feb,VOLKSWAGEN,ID.5,1,2023-02-01
2023,Feb,VOLVO,C40,1,2023-02-01
2023,Feb,VOLVO,XC40,2,2023-02-01
2023,Jan,AUDI,E-TRON,3,2023-01-01
2023,Jan,AUDI,E-TRON GT,1,2023-01-01
2023,Jan,BMW,4 SERIES,14,2023-01-01
2023,Jan,BMW,I,7,2023-01-01
2023,Jan,BYD,ATTO 3,235,2023-01-01
2023,Jan,FORD,MUSTANG MACH-E,6,2023-01-01
2023,Jan,HYUNDAI,IONIQ,4,2023-01-01
2023,Jan,HYUNDAI,IONIQ 5,17,2023-01-01
2023,Jan,HYUNDAI,KONA,35,2023-01-01
2023,Jan,JAGUAR,I-PACE,6,2023-01-01
2023,Jan,KIA,EV6,148,2023-01-01
2023,Jan,KIA,NIRO,136,2023-01-01
2023,Jan,KIA,NIRO PLUS,55,2023-01-01
2023,Jan,LEXUS,UX300E,35,2023-01-01
2023,Jan,MAZDA,MX-30,1,2023-01-01
2023,Jan,MERCEDES-BENZ,EQA,22,2023-01-01
2023,Jan,MERCEDES-BENZ,EQB,3,2023-01-01
2023,Jan,MERCEDES-BENZ,EQC,4,2023-01-01
2023,Jan,MERCEDES-BENZ,EQE,1,2023-01-01
2023,Jan,MERCEDES-BENZ,EQS,1,2023-01-01
2023,Jan,MERCEDES-BENZ,V-CLASS,1,2023-01-01
2023,Jan,MERCEDES-BENZ,VITO,1,2023-01-01
2023,Jan,MG,ZS,166,2023-01-01
2023,Jan,MINI,HATCH,23,2023-01-01
2023,Jan,NISSAN,E-NV200,1,2023-01-01
2023,Jan,NISSAN,LEAF,190,2023-01-01
2023,Jan,OPEL,CORSA,6,2023-01-01
2023,Jan,OPEL,MOKKA,16,2023-01-01
2023,Jan,PEUGEOT,E-2008,21,2023-01-01
2023,Jan,PEUGEOT,E-208,27,2023-01-01
2023,Jan,POLESTAR,POLESTAR 2,10,2023-01-01
2023,Jan,PORSCHE,TAYCAN,3,2023-01-01
2023,Jan,SMART,FORTWO,1,2023-01-01
2023,Jan,TESLA,MODEL 3,57,2023-01-01
2023,Jan,TESLA,MODEL S,1,2023-01-01
2023,Jan,TESLA,MODEL X,1,2023-01-01
2023,Jan,TESLA,MODEL Y,133,2023-01-01
2023,Jan,VOLKSWAGEN,E-GOLF,1,2023-01-01
2023,Jan,VOLVO,C40,8,2023-01-01
2023,Jan,VOLVO,XC40,5,2023-01-01
2023,Jun,AUDI,E-TRON,10,2023-06-01
2023,Jun,AUDI,E-TRON GT,1,2023-06-01
2023,Jun,AUDI,Q4 E-TRON,2,2023-06-01
2023,Jun,BMW,4 SERIES,18,2023-06-01
2023,Jun,BMW,I,16,2023-06-01
2023,Jun,BMW,I3,1,2023-06-01
2023,Jun,BMW,X1,8,2023-06-01
2023,Jun,BYD,ATTO 3,440,2023-06-01
2023,Jun,BYD,E6H,1,2023-06-01
2023,Jun,BYD,E6Y,1,2023-06-01
2023,Jun,CITROEN,C4,1,2023-06-01
2023,Jun,FIAT,500E,23,2023-06-01
2023,Jun,FORD,MUSTANG MACH-E,98,2023-06-01
2023,Jun,GENESIS,GV70,8,2023-06-01
2023,Jun,GWM,ORA,44,2023-06-01
2023,Jun,HYUNDAI,GENESIS,2,2023-06-01
2023,Jun,HYUNDAI,IONIQ,182,2023-06-01
2023,Jun,HYUNDAI,IONIQ 5,91,2023-06-01
2023,Jun,HYUNDAI,IONIQ 6,7,2023-06-01
2023,Jun,HYUNDAI,KONA,30,2023-06-01
2023,Jun,JAGUAR,I-PACE,2,2023-06-01
2023,Jun,KIA,EV6,93,2023-06-01
2023,Jun,KIA,NIRO,32,2023-06-01
2023,Jun,KIA,NIRO PLUS,3,2023-06-01
2023,Jun,LEXUS,RZ,2,2023-06-01
2023,Jun,LEXUS,UX300E,7,2023-06-01
2023,Jun,MAZDA,MX-30,2,2023-06-01
2023,Jun,MERCEDES-BENZ,EQA,7,2023-06-01
2023,Jun,MERCEDES-BENZ,EQB,3,2023-06-01
2023,Jun,MERCEDES-BENZ,EQC,15,2023-06-01
2023,Jun,MERCEDES-BENZ,EQE,3,2023-06-01
2023,Jun,MG,ZS,260,2023-06-01
2023,Jun,MINI,HATCH,24,2023-06-01
2023,Jun,MITSUBISHI,I-MIEV,1,2023-06-01
2023,Jun,MITSUBISHI,MINICAB,1,2023-06-01
2023,Jun,NISSAN,E-NV200,1,2023-06-01
2023,Jun,NISSAN,LEAF,287,2023-06-01
2023,Jun,OPEL,CORSA,3,2023-06-01
2023,Jun,OPEL,MOKKA,19,2023-06-01
2023,Jun,PEUGEOT,E-2008,19,2023-06-01
2023,Jun,PEUGEOT,E-208,31,2023-06-01
2023,Jun,POLESTAR,POLESTAR 2,36,2023-06-01
2023,Jun,PORSCHE,TAYCAN,4,2023-06-01
2023,Jun,RENAULT,MEGANE E-TECH,1,2023-06-01
2023,Jun,SMART,FORTWO,1,2023-06-01
2023,Jun,SSANGYONG,KORANDO,2,2023-06-01
2023,Jun,TESLA,MODEL 3,201,2023-06-01
2023,Jun,TESLA,MODEL S,5,2023-06-01
2023,Jun,TESLA,MODEL Y,765,2023-06-01
2023,Jun,VOLKSWAGEN,ID.5,67,2023-06-01
2023,Jun,VOLVO,C40,2,2023-06-01
2023,Jun,VOLVO,XC40,16,2023-06-01
2023,Mar,AUDI,E-TRON,10,2023-03-01
2023,Mar,AUDI,E-TRON GT,5,2023-03-01
2023,Mar,BMW,4 SERIES,11,2023-03-01
2023,Mar,BMW,I,30,2023-03-01
2023,Mar,BMW,X1,11,2023-03-01
2023,Mar,BYD,ATTO 3,615,2023-03-01
2023,Mar,BYD,E6H,5,2023-03-01
2023,Mar,GWM,ORA,25,2023-03-01
2023,Mar,HYUNDAI,IONIQ,105,2023-03-01
2023,Mar,HYUNDAI,IONIQ 5,20,2023-03-01
2023,Mar,HYUNDAI,IONIQ 6,19,2023-03-01
2023,Mar,HYUNDAI,KONA,42,2023-03-01
2023,Mar,JAGUAR,I-PACE,2,2023-03-01
2023,Mar,KIA,EV6,176,2023-03-01
2023,Mar,KIA,NIRO,21,2023-03-01
2023,Mar,KIA,NIRO PLUS,10,2023-03-01
2023,Mar,LEXUS,UX300E,7,2023-03-01
2023,Mar,MAZDA,MX-30,5,2023-03-01
2023,Mar,MERCEDES-BENZ,EQA,13,2023-03-01
2023,Mar,MERCEDES-BENZ,EQB,11,2023-03-01
2023,Mar,MERCEDES-BENZ,EQC,9,2023-03-01
2023,Mar,MERCEDES-BENZ,EQE,11,2023-03-01
2023,Mar,MG,ZS,306,2023-03-01
2023,Mar,MINI,HATCH,25,2023-03-01
2023,Mar,MITSUBISHI,MINICAB,1,2023-03-01
2023,Mar,NISSAN,LEAF,440,2023-03-01
2023,Mar,OPEL,CORSA,1,2023-03-01
2023,Mar,OPEL,MOKKA,7,2023-03-01
2023,Mar,PEUGEOT,E-2008,8,2023-03-01
2023,Mar,PEUGEOT,E-208,24,2023-03-01
2023,Mar,POLESTAR,POLESTAR 2,146,2023-03-01
2023,Mar,PORSCHE,TAYCAN,1,2023-03-01
2023,Mar,SMART,FORTWO,3,2023-03-01
2023,Mar,TESLA,MODEL 3,116,2023-03-01
2023,Mar,TESLA,MODEL S,5,2023-03-01
2023,Mar,TESLA,MODEL Y,760,2023-03-01
2023,Mar,VOLVO,C40,4,2023-03-01
2023,Mar,VOLVO,XC40,41,2023-03-01
2023,May,AUDI,E-TRON,13,2023-05-01
2023,May,AUDI,Q4 E-TRON,1,2023-05-01
2023,May,BMW,4 SERIES,13,2023-05-01
2023,May,BMW,I,14,2023-05-01
2023,May,BMW,I3,1,2023-05-01
2023,May,BMW,X1,4,2023-05-01
2023,May,BYD,ATTO 3,223,2023-05-01
2023,May,BYD,E6H,4,2023-05-01
2023,May,FORD,MUSTANG MACH-E,25,2023-05-01
2023,May,GWM,ORA,17,2023-05-01
2023,May,HYUNDAI,IONIQ,61,2023-05-01
2023,May,HYUNDAI,IONIQ 5,120,2023-05-01
2023,May,HYUNDAI,IONIQ 6,10,2023-05-01
2023,May,HYUNDAI,KONA,32,2023-05-01
2023,May,KIA,EV6,62,2023-05-01
2023,May,KIA,NIRO,22,2023-05-01
2023,May,KIA,NIRO PLUS,2,2023-05-01
2023,May,LEXUS,RZ,11,2023-05-01
2023,May,LEXUS,UX300E,8,2023-05-01
2023,May,MAZDA,MX-30,3,2023-05-01
2023,May,MERCEDES-BENZ,EQA,10,2023-05-01
2023,May,MERCEDES-BENZ,EQB,5,2023-05-01
2023,May,MERCEDES-BENZ,EQC,3,2023-05-01
2023,May,MERCEDES-BENZ,EQE,4,2023-05-01
2023,May,MG,ZS,204,2023-05-01
2023,May,MINI,HATCH,10,2023-05-01
2023,May,MITSUBISHI,MINICAB,2,2023-05-01
2023,May,NISSAN,LEAF,305,2023-05-01
2023,May,OPEL,CORSA,1,2023-05-01
2023,May,OPEL,MOKKA,27,2023-05-01
2023,May,PEUGEOT,E-2008,19,2023-05-01
2023,May,PEUGEOT,E-208,27,2023-05-01
2023,May,POLESTAR,POLESTAR 2,22,2023-05-01
2023,May,PORSCHE,TAYCAN,3,2023-05-01
2023,May,SSANGYONG,KORANDO,1,2023-05-01
2023,May,TESLA,MODEL 3,97,2023-05-01
2023,May,TESLA,MODEL S,2,2023-05-01
2023,May,TESLA,MODEL Y,77,2023-05-01
2023,May,VOLVO,C40,4,2023-05-01
2023,May,VOLVO,XC40,8,2023-05-01
2023,Jul,AUDI,E-TRON,1,2023-07-01
2023,Jul,AUDI,Q4 E-TRON,20,2023-07-01
2023,Jul,BMW,4 SERIES,13,2023-07-01
2023,Jul,BMW,I,13,2023-07-01
2023,Jul,BMW,X1,17,2023-07-01
2023,Jul,BYD,ATTO 3,60,2023-07-01
2023,Jul,BYD,DOLPHIN,8,2023-07-01
2023,Jul,BYD,E6H,3,2023-07-01
2023,Jul,CITROEN,C4,7,2023-07-01
2023,Jul,FIAT,500E,3,2023-07-01
2023,Jul,FORD,MUSTANG MACH-E,23,2023-07-01
2023,Jul,GWM,ORA,10,2023-07-01
2023,Jul,HONDA,E,1,2023-07-01
2023,Jul,HYUNDAI,IONIQ,31,2023-07-01
2023,Jul,HYUNDAI,IONIQ 5,7,2023-07-01
2023,Jul,HYUNDAI,IONIQ 6,9,2023-07-01
2023,Jul,HYUNDAI,KONA,6,2023-07-01
2023,Jul,JAGUAR,I-PACE,1,2023-07-01
2023,Jul,KIA,EV6,16,2023-07-01
2023,Jul,KIA,NIRO,147,2023-07-01
2023,Jul,KIA,NIRO PLUS,3,2023-07-01
2023,Jul,LEXUS,RZ,2,2023-07-01
2023,Jul,LEXUS,UX300E,3,2023-07-01
2023,Jul,MAZDA,MX-30,1,2023-07-01
2023,Jul,MERCEDES-BENZ,EQA,2,2023-07-01
2023,Jul,MERCEDES-BENZ,EQB,4,2023-07-01
2023,Jul,MERCEDES-BENZ,EQC,1,2023-07-01
2023,Jul,MERCEDES-BENZ,EQE,6,2023-07-01
2023,Jul,MG,ZS,29,2023-07-01
2023,Jul,MINI,HATCH,7,2023-07-01
2023,Jul,MITSUBISHI,I-MIEV,1,2023-07-01
2023,Jul,NISSAN,E-NV200,3,2023-07-01
2023,Jul,NISSAN,LEAF,291,2023-07-01
2023,Jul,OPEL,MOKKA,3,2023-07-01
2023,Jul,PEUGEOT,E-208,8,2023-07-01
2023,Jul,PEUGEOT,E-2008,4,2023-07-01
2023,Jul,POLESTAR,POLESTAR 2,15,2023-07-01
2023,Jul,PORSCHE,TAYCAN,4,2023-07-01
2023,Jul,SKODA,ENYAQ,1,2023-07-01
2023,Jul,SMART,FORTWO,3,2023-07-01
2023,Jul,SSANGYONG,KORANDO,2,2023-07-01
2023,Jul,TESLA,MODEL 3,35,2023-07-01
2023,Jul,TESLA,MODEL S,3,2023-07-01
2023,Jul,TESLA,MODEL Y,169,2023-07-01
2023,Jul,TOYOTA,BZ4X,3,2023-07-01
2023,Jul,VOLKSWAGEN,ID.4,63,2023-07-01
2023,Jul,VOLKSWAGEN,ID.5,15,2023-07-01
2023,Jul,VOLVO,XC40,6,2023-07-01
2023,Aug,NISSAN,LEAF,372,2023-08-01
2023,Aug,BYD,ATTO 3,131,2023-08-01
2023,Aug,MG,4,96,2023-08-01
2023,Aug,MG,ZS,72,2023-08-01
2023,Aug,TESLA,MODEL Y,72,2023-08-01
2023,Aug,FORD,MUSTANG MACH-E,53,2023-08-01
2023,Aug,KIA,NIRO,51,2023-08-01
2023,Aug,VOLKSWAGEN,ID.4,46,2023-08-01
2023,Aug,BMW,I,37,2023-08-01
2023,Aug,KIA,EV6,34,2023-08-01
2023,Aug,TESLA,MODEL 3,32,2023-08-01
2023,Aug,HYUNDAI,KONA,22,2023-08-01
2023,Aug,PEUGEOT,E-208,21,2023-08-01
2023,Aug,POLESTAR,POLESTAR 2,20,2023-08-01
2023,Aug,BMW,X1,17,2023-08-01
2023,Aug,MERCEDES-BENZ,EQA,14,2023-08-01
2023,Aug,MERCEDES-BENZ,EQB,13,2023-08-01
2023,Aug,VOLVO,XC40,13,2023-08-01
2023,Aug,MINI,HATCH,12,2023-08-01
2023,Aug,HYUNDAI,IONIQ,11,2023-08-01
2023,Aug,HYUNDAI,IONIQ 6,11,2023-08-01
2023,Aug,AUDI,Q4 E-TRON,10,2023-08-01
2023,Aug,VOLKSWAGEN,ID.5,10,2023-08-01
2023,Aug,TESLA,MODEL S,9,2023-08-01
2023,Aug,PEUGEOT,E-2008,8,2023-08-01
2023,Aug,OPEL,MOKKA,8,2023-08-01
2023,Aug,GWM,ORA,7,2023-08-01
2023,Aug,HYUNDAI,IONIQ 5,7,2023-08-01
2023,Aug,MERCEDES-BENZ,EQE,6,2023-08-01
2023,Aug,BMW,4 SERIES,5,2023-08-01
2023,Aug,FIAT,500E,4,2023-08-01
2023,Aug,OPEL,CORSA,4,2023-08-01
2023,Aug,AUDI,E-TRON,2,2023-08-01
2023,Aug,BMW,I3,2,2023-08-01
2023,Aug,LEXUS,UX300E,2,2023-08-01
2023,Aug,MERCEDES-BENZ,EQC,2,2023-08-01
2023,Aug,MITSUBISHI,EK,2,2023-08-01
2023,Aug,AUDI,E-TRON GT,1,2023-08-01
2023,Aug,CITROEN,C4,1,2023-08-01
2023,Aug,FIAT,ABARTH 500E,1,2023-08-01
2023,Aug,HONDA,E,1,2023-08-01
2023,Aug,MERCEDES-BENZ,V-CLASS,1,2023-08-01
2023,Aug,MITSUBISHI,I-MIEV,1,2023-08-01
2023,Aug,NISSAN,E-NV200,1,2023-08-01
2023,Aug,NISSAN,NV200,1,2023-08-01
2023,Aug,SMART,FORTWO,1,2023-08-01
2023,Aug,VOLKSWAGEN,GOLF,1,2023-08-01
2023,Aug,VOLVO,C40,1,2023-08-01
2023,Sep,AUDI,E-TRON,8,2023-09-01
2023,Sep,AUDI,Q4 E-TRON,43,2023-09-01
2023,Sep,AUDI,Q8 E-TRON,10,2023-09-01
2023,Sep,BMW,4 SERIES,11,2023-09-01
2023,Sep,BMW,I,38,2023-09-01
2023,Sep,BMW,I3,1,2023-09-01
2023,Sep,BMW,X1,9,2023-09-01
2023,Sep,BYD,ATTO 3,136,2023-09-01
2023,Sep,BYD,DOLPHIN,107,2023-09-01
2023,Sep,BYD,E6H,4,2023-09-01
2023,Sep,CITROEN,C4,4,2023-09-01
2023,Sep,CUPRA,BORN,21,2023-09-01
2023,Sep,FIAT,500E,4,2023-09-01
2023,Sep,FORD,MUSTANG MACH-E,48,2023-09-01
2023,Sep,GWM,ORA,10,2023-09-01
2023,Sep,HYUNDAI,IONIQ,7,2023-09-01
2023,Sep,HYUNDAI,IONIQ 5,13,2023-09-01
2023,Sep,HYUNDAI,IONIQ 6,7,2023-09-01
2023,Sep,HYUNDAI,KONA,50,2023-09-01
2023,Sep,JAGUAR,I-PACE,1,2023-09-01
2023,Sep,KIA,EV6,45,2023-09-01
2023,Sep,KIA,NIRO,70,2023-09-01
2023,Sep,KIA,NIRO PLUS,1,2023-09-01
2023,Sep,LEXUS,RZ,1,2023-09-01
2023,Sep,LEXUS,UX300E,7,2023-09-01
2023,Sep,LOTUS,ELETRE,1,2023-09-01
2023,Sep,MERCEDES-BENZ,EQA,13,2023-09-01
2023,Sep,MERCEDES-BENZ,EQB,5,2023-09-01
2023,Sep,MERCEDES-BENZ,EQC,1,2023-09-01
2023,Sep,MERCEDES-BENZ,EQE,19,2023-09-01
2023,Sep,MERCEDES-BENZ,EQS,5,2023-09-01
2023,Sep,MERCEDES-BENZ,V-CLASS,1,2023-09-01
2023,Sep,MG,4,250,2023-09-01
2023,Sep,MG,ZS,85,2023-09-01
2023,Sep,MINI,HATCH,15,2023-09-01
2023,Sep,MITSUBISHI,I-MIEV,1,2023-09-01
2023,Sep,MITSUBISHI,MINICAB,2,2023-09-01
2023,Sep,NISSAN,ARIYA,7,2023-09-01
2023,Sep,NISSAN,E-NV200,2,2023-09-01
2023,Sep,NISSAN,LEAF,463,2023-09-01
2023,Sep,OPEL,CORSA,10,2023-09-01
2023,Sep,OPEL,MOKKA,8,2023-09-01
2023,Sep,PEUGEOT,208,37,2023-09-01
2023,Sep,PEUGEOT,2008,14,2023-09-01
2023,Sep,PEUGEOT,E-208,7,2023-09-01
2023,Sep,PEUGEOT,E-2008,2,2023-09-01
2023,Sep,POLESTAR,POLESTAR 2,37,2023-09-01
2023,Sep,PORSCHE,TAYCAN,2,2023-09-01
2023,Sep,SKODA,ENYAQ,43,2023-09-01
2023,Sep,SMART,FORTWO,6,2023-09-01
2023,Sep,SSANGYONG,KORANDO,2,2023-09-01
2023,Sep,TESLA,MODEL 3,64,2023-09-01
2023,Sep,TESLA,MODEL S,9,2023-09-01
2023,Sep,TESLA,MODEL Y,697,2023-09-01
2023,Sep,VOLKSWAGEN,E-GOLF,2,2023-09-01
2023,Sep,VOLKSWAGEN,ID.4,14,2023-09-01
2023,Sep,VOLKSWAGEN,ID.5,13,2023-09-01
2023,Sep,VOLVO,C40,15,2023-09-01
2023,Sep,VOLVO,XC40,13,2023-09-01
